anon_id,year,TPpW,percentage_RT,RTpW,TpW,NDLW,classification
user_1,2020,20000,97,19400,600,1,Inorganic
user_2,2018,19000,100,19000,0,2,Inorganic
user_3,2010,18000,99,17820,180,2,Inorganic
user_4,2012,17000,100,17000,0,1,Inorganic
user_5,2016,15000,89,13350,1650,2,Inorganic
user_6,2015,13000,97,12610,390,1,Inorganic
user_7,2017,11000,99,10890,110,1,Inorganic
user_8,2012,10000,92,9200,800,1,Inorganic
user_9,2018,9600,98,9408,192,1,Inorganic
user_10,2014,7700,92,7084,616,1,Inorganic
user_11,2013,7300,84,6132,1168,1,Inorganic
user_12,2017,6700,83,5561,1139,1,Inorganic
user_13,2012,6300,100,6300,0,1,Inorganic
user_14,2010,5700,60,3420,2280,1,Inorganic
user_15,2012,5500,92,5060,440,1,Inorganic
user_16,2015,5400,83,4482,918,1,Inorganic
user_17,2011,4900,94,4606,294,1,Inorganic
user_18,2011,4900,71,3479,1421,1,Inorganic
user_19,2014,4800,99,4752,48,1,Inorganic
user_20,2011,4800,87,4176,624,1,Inorganic
user_21,2011,4700,95,4465,235,1,Inorganic
user_22,2017,4300,88,3784,516,1,Inorganic
user_23,2019,4200,85,3570,630,1,Inorganic
user_24,2009,4000,100,4000,0,1,Inorganic
user_25,2019,4000,99,3960,40,1,Inorganic
user_26,2012,3800,100,3800,0,1,Inorganic
user_27,2010,3500,100,3500,0,2,Inorganic
user_28,2020,3300,98,3234,66,1,Inorganic
user_29,2011,3200,81,2592,608,1,Inorganic
user_30,2014,3100,81,2511,589,1,Inorganic
user_31,2012,3000,89,2670,330,1,Inorganic
user_32,2010,2800,100,2800,0,1,Inorganic
user_33,2016,2800,100,2800,0,1,Inorganic
user_34,2016,2700,97,2619,81,1,Inorganic
user_35,2015,2700,68,1836,864,1,Inorganic
user_36,2017,2600,99,2574,26,1,Inorganic
user_37,2020,2600,98,2548,52,1,Inorganic
user_38,2018,2500,100,2500,0,1,Inorganic
user_39,2015,2500,98,2450,50,2,Inorganic
user_40,2020,2500,91,2275,225,1,Inorganic
user_41,2020,2500,89,2225,275,2,Inorganic
user_42,2012,2400,100,2400,0,2,Inorganic
user_43,2013,2400,91,2184,216,1,Inorganic
user_44,2014,2200,80,1760,440,2,Inorganic
user_45,2011,2100,88,1848,252,1,Inorganic
user_46,2011,2100,64,1344,756,1,Inorganic
user_47,2020,2020,88,1777.6,242.4,1,Inorganic
user_48,2014,2000,85,1700,300,1,Inorganic
user_49,2014,2000,81,1620,380,2,Inorganic
user_50,2009,1900,100,1900,0,2,Inorganic
user_51,2016,1900,99,1881,19,2,Inorganic
user_52,2014,1900,99,1881,19,1,Inorganic
user_53,2011,1900,98,1862,38,1,Inorganic
user_54,2015,1900,95,1805,95,2,Inorganic
user_55,2010,1900,94,1786,114,2,Inorganic
user_56,2017,1900,76,1444,456,2,Inorganic
user_57,2014,1800,99,1782,18,2,Inorganic
user_58,2016,1800,97,1746,54,2,Inorganic
user_59,2010,1800,97,1746,54,2,Inorganic
user_60,2019,1800,96,1728,72,2,Inorganic
user_61,2012,1700,100,1700,0,2,Inorganic
user_62,2015,1700,100,1700,0,2,Inorganic
user_63,2017,1700,100,1700,0,2,Inorganic
user_64,2017,1700,100,1700,0,2,Inorganic
user_65,2016,1700,100,1700,0,1,Inorganic
user_66,2011,1700,98,1666,34,1,Inorganic
user_67,2013,1700,98,1666,34,2,Inorganic
user_68,2012,1700,89,1513,187,2,Inorganic
user_69,2020,1700,60,1020,680,2,Inorganic
user_70,2011,1600,100,1600,0,1,Inorganic
user_71,2018,1600,100,1600,0,2,Inorganic
user_72,2010,1600,99,1584,16,2,Inorganic
user_73,2014,1600,97,1552,48,1,Inorganic
user_74,2013,1600,97,1552,48,2,Inorganic
user_75,2010,1600,97,1552,48,2,Inorganic
user_76,2011,1600,90,1440,160,2,Inorganic
user_77,2018,1600,87,1392,208,2,Inorganic
user_78,2012,1600,81,1296,304,2,Inorganic
user_79,2011,1600,66,1056,544,2,Inorganic
user_80,2014,1600,51,816,784,2,Inorganic
user_81,2013,1500,100,1500,0,2,Inorganic
user_82,2010,1500,100,1500,0,2,Inorganic
user_83,2019,1500,100,1500,0,2,Inorganic
user_84,2011,1500,99,1485,15,2,Inorganic
user_85,2012,1500,98,1470,30,2,Inorganic
user_86,2012,1500,98,1470,30,2,Inorganic
user_87,2013,1500,98,1470,30,2,Inorganic
user_88,2019,1500,94,1410,90,1,Inorganic
user_89,2020,1500,93,1395,105,1,Inorganic
user_90,2019,1500,93,1395,105,1,Inorganic
user_91,2010,1500,91,1365,135,2,Inorganic
user_92,2013,1500,90,1350,150,2,Inorganic
user_93,2013,1500,90,1350,150,2,Inorganic
user_94,2011,1500,89,1335,165,2,Inorganic
user_95,2010,1500,84,1260,240,2,Inorganic
user_96,2013,1500,80,1200,300,2,Inorganic
user_97,2016,1500,70,1050,450,2,Inorganic
user_98,2017,1500,54,810,690,2,Inorganic
user_99,2013,1400,100,1400,0,2,Inorganic
user_100,2018,1400,100,1400,0,2,Inorganic
user_101,2015,1400,100,1400,0,2,Inorganic
user_102,2014,1400,100,1400,0,2,Inorganic
user_103,2020,1400,100,1400,0,2,Inorganic
user_104,2012,1400,99,1386,14,2,Inorganic
user_105,2011,1400,97,1358,42,2,Inorganic
user_106,2011,1400,97,1358,42,2,Inorganic
user_107,2017,1400,94,1316,84,2,Inorganic
user_108,2016,1400,94,1316,84,2,Inorganic
user_109,2014,1400,91,1274,126,2,Inorganic
user_110,2012,1400,90,1260,140,2,Inorganic
user_111,2014,1400,83,1162,238,2,Inorganic
user_112,2010,1400,81,1134,266,2,Inorganic
user_113,2013,1400,80,1120,280,2,Inorganic
user_114,2009,1400,80,1120,280,2,Inorganic
user_115,2014,1400,74,1036,364,2,Inorganic
user_116,2017,1400,73,1022,378,2,Inorganic
user_117,2011,1400,66,924,476,2,Inorganic
user_118,2016,1400,0,0,1400,2,Inorganic
user_119,2013,1300,100,1300,0,2,Inorganic
user_120,2019,1300,100,1300,0,2,Inorganic
user_121,2018,1300,100,1300,0,1,Inorganic
user_122,2009,1300,100,1300,0,2,Inorganic
user_123,2017,1300,99,1287,13,2,Inorganic
user_124,2011,1300,99,1287,13,1,Inorganic
user_125,2013,1300,99,1287,13,2,Inorganic
user_126,2015,1300,99,1287,13,2,Inorganic
user_127,2014,1300,99,1287,13,2,Inorganic
user_128,2016,1300,99,1287,13,2,Inorganic
user_129,2014,1300,99,1287,13,2,Inorganic
user_130,2011,1300,98,1274,26,2,Inorganic
user_131,2013,1300,98,1274,26,2,Inorganic
user_132,2011,1300,98,1274,26,2,Inorganic
user_133,2015,1300,98,1274,26,2,Inorganic
user_134,2010,1300,97,1261,39,2,Inorganic
user_135,2010,1300,97,1261,39,2,Inorganic
user_136,2009,1300,95,1235,65,2,Inorganic
user_137,2012,1300,94,1222,78,2,Inorganic
user_138,2018,1300,94,1222,78,2,Inorganic
user_139,2013,1300,94,1222,78,1,Inorganic
user_140,2012,1300,91,1183,117,2,Inorganic
user_141,2012,1300,85,1105,195,2,Inorganic
user_142,2012,1300,84,1092,208,1,Inorganic
user_143,2013,1300,80,1040,260,2,Inorganic
user_144,2009,1300,78,1014,286,2,Inorganic
user_145,2012,1300,76,988,312,2,Inorganic
user_146,2012,1300,73,949,351,1,Inorganic
user_147,2018,1300,61,793,507,2,Inorganic
user_148,2017,1300,42,546,754,2,Inorganic
user_149,2017,1200,100,1200,0,1,Inorganic
user_150,2012,1200,100,1200,0,2,Inorganic
user_151,2013,1200,100,1200,0,2,Inorganic
user_152,2009,1200,99,1188,12,2,Inorganic
user_153,2013,1200,99,1188,12,2,Inorganic
user_154,2009,1200,99,1188,12,2,Inorganic
user_155,2011,1200,96,1152,48,2,Inorganic
user_156,2015,1200,96,1152,48,2,Inorganic
user_157,2010,1200,95,1140,60,2,Inorganic
user_158,2013,1200,94,1128,72,2,Inorganic
user_159,2014,1200,93,1116,84,2,Inorganic
user_160,2010,1200,92,1104,96,2,Inorganic
user_161,2014,1200,90,1080,120,2,Inorganic
user_162,2016,1200,88,1056,144,2,Inorganic
user_163,2013,1200,88,1056,144,2,Inorganic
user_164,2014,1200,88,1056,144,2,Inorganic
user_165,2013,1200,83,996,204,1,Inorganic
user_166,2010,1200,82,984,216,2,Inorganic
user_167,2009,1200,78,936,264,2,Inorganic
user_168,2019,1200,74,888,312,2,Inorganic
user_169,2012,1200,67,804,396,2,Inorganic
user_170,2010,1200,47,564,636,2,Inorganic
user_171,2019,1200,37,444,756,2,Inorganic
user_172,2009,1100,100,1100,0,2,Inorganic
user_173,2011,1100,100,1100,0,2,Inorganic
user_174,2018,1100,100,1100,0,2,Inorganic
user_175,2015,1100,100,1100,0,2,Inorganic
user_176,2014,1100,100,1100,0,2,Inorganic
user_177,2010,1100,100,1100,0,1,Inorganic
user_178,2020,1100,100,1100,0,2,Inorganic
user_179,2010,1100,99,1089,11,2,Inorganic
user_180,2016,1100,99,1089,11,2,Inorganic
user_181,2014,1100,99,1089,11,2,Inorganic
user_182,2017,1100,98,1078,22,2,Inorganic
user_183,2019,1100,97,1067,33,2,Inorganic
user_184,2010,1100,97,1067,33,2,Inorganic
user_185,2016,1100,96,1056,44,2,Inorganic
user_186,2015,1100,95,1045,55,2,Inorganic
user_187,2011,1100,95,1045,55,2,Inorganic
user_188,2019,1100,95,1045,55,2,Inorganic
user_189,2013,1100,94,1034,66,2,Inorganic
user_190,2014,1100,94,1034,66,2,Inorganic
user_191,2010,1100,91,1001,99,2,Inorganic
user_192,2012,1100,89,979,121,2,Inorganic
user_193,2010,1100,87,957,143,2,Inorganic
user_194,2019,1100,86,946,154,2,Inorganic
user_195,2010,1100,85,935,165,2,Inorganic
user_196,2011,1100,83,913,187,2,Inorganic
user_197,2012,1100,82,902,198,2,Inorganic
user_198,2011,1100,67,737,363,2,Inorganic
user_199,2010,1000,100,1000,0,1,Inorganic
user_200,2017,1000,100,1000,0,2,Inorganic
user_201,2013,1000,100,1000,0,1,Inorganic
user_202,2016,1000,99,990,10,2,Inorganic
user_203,2011,1000,99,990,10,2,Inorganic
user_204,2010,1000,98,980,20,1,Inorganic
user_205,2019,1000,94,940,60,1,Inorganic
user_206,2009,1000,92,920,80,2,Inorganic
user_207,2014,1000,91,910,90,2,Inorganic
user_208,2009,1000,91,910,90,1,Inorganic
user_209,2016,1000,84,840,160,2,Inorganic
user_210,2016,1000,83,830,170,2,Inorganic
user_211,2012,1000,81,810,190,2,Inorganic
user_212,2014,1000,74,740,260,2,Inorganic
user_213,2015,1000,62,620,380,2,Inorganic
user_214,2015,990,98,970.2,19.8,3,Inorganic
user_215,2013,990,78,772.2,217.8,3,Inorganic
user_216,2012,990,68,673.2,316.8,3,Inorganic
user_217,2011,980,100,980,0,2,Inorganic
user_218,2010,980,100,980,0,2,Inorganic
user_219,2015,980,96,940.8,39.2,2,Inorganic
user_220,2009,980,91,891.8,88.2,2,Inorganic
user_221,2011,980,90,882,98,2,Inorganic
user_222,2012,960,89,854.4,105.6,2,Inorganic
user_223,2012,960,81,777.6,182.4,1,Inorganic
user_224,2013,960,80,768,192,2,Inorganic
user_225,2016,950,98,931,19,3,Inorganic
user_226,2009,940,100,940,0,2,Inorganic
user_227,2013,940,98,921.2,18.8,3,Inorganic
user_228,2014,940,97,911.8,28.2,2,Inorganic
user_229,2009,940,90,846,94,3,Inorganic
user_230,2010,940,74,695.6,244.4,2,Inorganic
user_231,2014,930,99,920.7,9.3,3,Inorganic
user_232,2011,920,98,901.6,18.4,2,Inorganic
user_233,2010,910,100,910,0,3,Inorganic
user_234,2012,910,98,891.8,18.2,2,Inorganic
user_235,2011,910,38,345.8,564.2,2,Inorganic
user_236,2018,900,100,900,0,3,Inorganic
user_237,2013,900,83,747,153,3,Inorganic
user_238,2011,890,100,890,0,3,Inorganic
user_239,2010,890,99,881.1,8.9,3,Inorganic
user_240,2010,890,95,845.5,44.5,2,Inorganic
user_241,2013,890,95,845.5,44.5,3,Inorganic
user_242,2013,880,97,853.6,26.4,3,Inorganic
user_243,2016,880,95,836,44,2,Inorganic
user_244,2012,880,47,413.6,466.4,3,Inorganic
user_245,2018,870,100,870,0,2,Inorganic
user_246,2010,860,100,860,0,2,Inorganic
user_247,2019,860,97,834.2,25.8,2,Inorganic
user_248,2012,860,95,817,43,2,Inorganic
user_249,2013,860,78,670.8,189.2,2,Inorganic
user_250,2017,850,100,850,0,2,Inorganic
user_251,2009,850,93,790.5,59.5,2,Inorganic
user_252,2010,850,89,756.5,93.5,2,Inorganic
user_253,2010,840,94,789.6,50.4,3,Inorganic
user_254,2019,840,77,646.8,193.2,3,Inorganic
user_255,2010,840,65,546,294,2,Inorganic
user_256,2010,820,100,820,0,3,Inorganic
user_257,2013,820,100,820,0,2,Inorganic
user_258,2014,810,100,810,0,2,Inorganic
user_259,2012,810,99,801.9,8.1,3,Inorganic
user_260,2014,810,99,801.9,8.1,3,Inorganic
user_261,2019,810,91,737.1,72.9,3,Inorganic
user_262,2013,800,74,592,208,2,Inorganic
user_263,2011,790,100,790,0,3,Inorganic
user_264,2011,790,95,750.5,39.5,3,Inorganic
user_265,2012,790,80,632,158,2,Inorganic
user_266,2014,780,100,780,0,3,Inorganic
user_267,2016,780,100,780,0,3,Inorganic
user_268,2012,780,100,780,0,2,Inorganic
user_269,2012,780,99,772.2,7.8,2,Inorganic
user_270,2018,780,95,741,39,3,Inorganic
user_271,2011,780,93,725.4,54.6,3,Inorganic
user_272,2017,780,93,725.4,54.6,2,Inorganic
user_273,2009,780,69,538.2,241.8,3,Inorganic
user_274,2012,770,100,770,0,3,Inorganic
user_275,2010,770,99,762.3,7.7,2,Inorganic
user_276,2014,770,94,723.8,46.2,3,Inorganic
user_277,2010,770,88,677.6,92.4,3,Inorganic
user_278,2013,770,87,669.9,100.1,3,Inorganic
user_279,2012,760,99,752.4,7.6,3,Inorganic
user_280,2019,760,96,729.6,30.4,3,Inorganic
user_281,2017,760,62,471.2,288.8,3,Inorganic
user_282,2010,760,59,448.4,311.6,2,Inorganic
user_283,2016,750,98,735,15,3,Inorganic
user_284,2016,750,96,720,30,3,Inorganic
user_285,2010,750,81,607.5,142.5,3,Inorganic
user_286,2010,750,63,472.5,277.5,3,Inorganic
user_287,2017,740,100,740,0,2,Inorganic
user_288,2016,740,89,658.6,81.4,3,Inorganic
user_289,2011,740,99,732.6,7.4,3,Inorganic
user_290,2017,740,87,643.8,96.2,3,Inorganic
user_291,2019,740,100,740,0,3,Inorganic
user_292,2009,740,90,666,74,3,Inorganic
user_293,2013,740,100,740,0,3,Inorganic
user_294,2017,740,100,740,0,2,Inorganic
user_295,2015,730,95,693.5,36.5,2,Inorganic
user_296,2010,730,20,146,584,3,Inorganic
user_297,2016,730,98,715.4,14.6,3,Inorganic
user_298,2011,730,59,430.7,299.3,3,Inorganic
user_299,2011,730,100,730,0,2,Inorganic
user_300,2017,730,100,730,0,3,Inorganic
user_301,2011,720,79,568.8,151.2,3,Inorganic
user_302,2010,710,100,710,0,3,Inorganic
user_303,2016,710,95,674.5,35.5,3,Inorganic
user_304,2009,710,100,710,0,3,Inorganic
user_305,2009,710,93,660.3,49.7,3,Inorganic
user_306,2012,700,98,686,14,3,Inorganic
user_307,2010,700,100,700,0,3,Inorganic
user_308,2010,700,98,686,14,3,Inorganic
user_309,2011,700,100,700,0,3,Inorganic
user_310,2011,700,67,469,231,3,Inorganic
user_311,2015,700,100,700,0,3,Inorganic
user_312,2010,700,96,672,28,3,Inorganic
user_313,2018,700,61,427,273,3,Inorganic
user_314,2015,700,82,574,126,3,Inorganic
user_315,2012,700,93,651,49,3,Inorganic
user_316,2019,690,89,614.1,75.9,3,Highly Suspicious
user_317,2018,690,93,641.7,48.3,1,Highly Suspicious
user_318,2013,690,81,558.9,131.1,3,Highly Suspicious
user_319,2010,690,73,503.7,186.3,3,Highly Suspicious
user_320,2013,690,95,655.5,34.5,2,Highly Suspicious
user_321,2019,690,88,607.2,82.8,3,Highly Suspicious
user_322,2014,690,99,683.1,6.9,3,Highly Suspicious
user_323,2010,690,100,690,0,2,Highly Suspicious
user_324,2014,680,26,176.8,503.2,3,Highly Suspicious
user_325,2010,680,98,666.4,13.6,3,Highly Suspicious
user_326,2015,680,99,673.2,6.8,3,Highly Suspicious
user_327,2018,680,92,625.6,54.4,3,Highly Suspicious
user_328,2019,680,85,578,102,3,Highly Suspicious
user_329,2010,680,95,646,34,3,Highly Suspicious
user_330,2011,680,94,639.2,40.8,3,Highly Suspicious
user_331,2013,680,76,516.8,163.2,3,Highly Suspicious
user_332,2018,680,77,523.6,156.4,3,Highly Suspicious
user_333,2013,670,98,656.6,13.4,3,Highly Suspicious
user_334,2012,670,90,603,67,3,Highly Suspicious
user_335,2017,670,99,663.3,6.7,3,Highly Suspicious
user_336,2009,670,66,442.2,227.8,3,Highly Suspicious
user_337,2014,670,96,643.2,26.8,3,Highly Suspicious
user_338,2017,670,99,663.3,6.7,3,Highly Suspicious
user_339,2014,670,97,649.9,20.1,3,Highly Suspicious
user_340,2009,670,84,562.8,107.2,3,Highly Suspicious
user_341,2012,660,100,660,0,2,Highly Suspicious
user_342,2011,660,99,653.4,6.6,2,Highly Suspicious
user_343,2011,660,85,561,99,3,Highly Suspicious
user_344,2012,660,68,448.8,211.2,3,Highly Suspicious
user_345,2010,660,98,646.8,13.2,3,Highly Suspicious
user_346,2013,660,85,561,99,3,Highly Suspicious
user_347,2009,660,57,376.2,283.8,3,Highly Suspicious
user_348,2011,650,42,273,377,3,Highly Suspicious
user_349,2010,650,89,578.5,71.5,3,Highly Suspicious
user_350,2009,650,97,630.5,19.5,3,Highly Suspicious
user_351,2009,650,97,630.5,19.5,3,Highly Suspicious
user_352,2011,650,93,604.5,45.5,3,Highly Suspicious
user_353,2009,650,88,572,78,3,Highly Suspicious
user_354,2012,640,100,640,0,3,Highly Suspicious
user_355,2010,640,75,480,160,3,Highly Suspicious
user_356,2020,640,94,601.6,38.4,3,Highly Suspicious
user_357,2012,630,100,630,0,3,Highly Suspicious
user_358,2010,630,100,630,0,3,Highly Suspicious
user_359,2012,630,90,567,63,3,Highly Suspicious
user_360,2015,630,99,623.7,6.3,2,Highly Suspicious
user_361,2008,630,88,554.4,75.6,3,Highly Suspicious
user_362,2015,630,75,472.5,157.5,3,Highly Suspicious
user_363,2013,630,96,604.8,25.2,2,Highly Suspicious
user_364,2019,630,72,453.6,176.4,3,Highly Suspicious
user_365,2019,630,94,592.2,37.8,3,Highly Suspicious
user_366,2011,630,82,516.6,113.4,3,Highly Suspicious
user_367,2015,630,96,604.8,25.2,2,Highly Suspicious
user_368,2012,630,89,560.7,69.3,3,Highly Suspicious
user_369,2010,630,92,579.6,50.4,3,Highly Suspicious
user_370,2013,620,94,582.8,37.2,3,Highly Suspicious
user_371,2017,620,80,496,124,3,Highly Suspicious
user_372,2011,620,87,539.4,80.6,3,Highly Suspicious
user_373,2019,620,100,620,0,3,Highly Suspicious
user_374,2014,610,91,555.1,54.9,3,Highly Suspicious
user_375,2015,610,78,475.8,134.2,2,Highly Suspicious
user_376,2009,610,42,256.2,353.8,3,Highly Suspicious
user_377,2014,610,95,579.5,30.5,3,Highly Suspicious
user_378,2010,610,80,488,122,3,Highly Suspicious
user_379,2012,610,85,518.5,91.5,3,Highly Suspicious
user_380,2010,610,95,579.5,30.5,3,Highly Suspicious
user_381,2010,600,99,594,6,3,Highly Suspicious
user_382,2012,600,95,570,30,3,Highly Suspicious
user_383,2016,600,97,582,18,3,Highly Suspicious
user_384,2010,600,90,540,60,3,Highly Suspicious
user_385,2010,600,89,534,66,3,Highly Suspicious
user_386,2011,600,98,588,12,3,Highly Suspicious
user_387,2009,600,68,408,192,3,Highly Suspicious
user_388,2012,600,99,594,6,2,Highly Suspicious
user_389,2018,600,96,576,24,3,Highly Suspicious
user_390,2011,590,73,430.7,159.3,3,Highly Suspicious
user_391,2009,590,93,548.7,41.3,3,Highly Suspicious
user_392,2010,590,95,560.5,29.5,3,Highly Suspicious
user_393,2014,590,92,542.8,47.2,3,Highly Suspicious
user_394,2010,590,99,584.1,5.9,2,Highly Suspicious
user_395,2013,590,65,383.5,206.5,3,Highly Suspicious
user_396,2014,590,77,454.3,135.7,3,Highly Suspicious
user_397,2010,590,99,584.1,5.9,1,Highly Suspicious
user_398,2011,590,99,584.1,5.9,3,Highly Suspicious
user_399,2011,590,98,578.2,11.8,3,Highly Suspicious
user_400,2009,580,100,580,0,4,Highly Suspicious
user_401,2010,580,75,435,145,3,Highly Suspicious
user_402,2010,580,85,493,87,3,Highly Suspicious
user_403,2018,580,93,539.4,40.6,2,Highly Suspicious
user_404,2009,580,88,510.4,69.6,3,Highly Suspicious
user_405,2012,570,73,416.1,153.9,2,Highly Suspicious
user_406,2012,570,94,535.8,34.2,3,Highly Suspicious
user_407,2009,570,100,570,0,3,Highly Suspicious
user_408,2010,570,100,570,0,3,Highly Suspicious
user_409,2013,570,94,535.8,34.2,2,Highly Suspicious
user_410,2010,570,97,552.9,17.1,3,Highly Suspicious
user_411,2015,570,93,530.1,39.9,3,Highly Suspicious
user_412,2012,560,100,560,0,3,Highly Suspicious
user_413,2012,560,96,537.6,22.4,4,Highly Suspicious
user_414,2012,560,96,537.6,22.4,4,Highly Suspicious
user_415,2015,560,98,548.8,11.2,3,Highly Suspicious
user_416,2012,550,88,484,66,3,Highly Suspicious
user_417,2011,550,100,550,0,3,Highly Suspicious
user_418,2018,550,100,550,0,3,Highly Suspicious
user_419,2013,550,99,544.5,5.5,3,Highly Suspicious
user_420,2011,540,72,388.8,151.2,3,Highly Suspicious
user_421,2011,540,98,529.2,10.8,3,Highly Suspicious
user_422,2011,540,51,275.4,264.6,4,Highly Suspicious
user_423,2019,540,60,324,216,4,Highly Suspicious
user_424,2019,540,100,540,0,4,Highly Suspicious
user_425,2010,540,98,529.2,10.8,2,Highly Suspicious
user_426,2019,540,100,540,0,3,Highly Suspicious
user_427,2018,540,76,410.4,129.6,3,Highly Suspicious
user_428,2016,530,89,471.7,58.3,4,Highly Suspicious
user_429,2016,530,75,397.5,132.5,4,Highly Suspicious
user_430,2019,530,98,519.4,10.6,4,Highly Suspicious
user_431,2015,530,100,530,0,4,Highly Suspicious
user_432,2017,530,80,424,106,2,Highly Suspicious
user_433,2014,520,89,462.8,57.2,4,Highly Suspicious
user_434,2013,520,100,520,0,4,Highly Suspicious
user_435,2012,520,100,520,0,2,Highly Suspicious
user_436,2011,520,90,468,52,4,Highly Suspicious
user_437,2015,520,100,520,0,2,Highly Suspicious
user_438,2016,520,100,520,0,2,Highly Suspicious
user_439,2019,520,96,499.2,20.8,4,Highly Suspicious
user_440,2017,520,90,468,52,3,Highly Suspicious
user_441,2020,520,89,462.8,57.2,3,Highly Suspicious
user_442,2013,510,95,484.5,25.5,4,Highly Suspicious
user_443,2010,510,99,504.9,5.1,4,Highly Suspicious
user_444,2009,510,68,346.8,163.2,4,Highly Suspicious
user_445,2015,510,99,504.9,5.1,3,Highly Suspicious
user_446,2013,510,97,494.7,15.3,4,Highly Suspicious
user_447,2020,510,65,331.5,178.5,3,Highly Suspicious
user_448,2009,510,91,464.1,45.9,4,Highly Suspicious
user_449,2013,510,92,469.2,40.8,1,Highly Suspicious
user_450,2019,510,95,484.5,25.5,4,Highly Suspicious
user_451,2019,510,94,479.4,30.6,4,Highly Suspicious
user_452,2019,510,86,438.6,71.4,4,Highly Suspicious
user_453,2009,490,99,485.1,4.9,4,Suspicious
user_454,2012,490,92,450.8,39.2,3,Suspicious
user_455,2018,490,97,475.3,14.7,4,Suspicious
user_456,2015,490,98,480.2,9.8,4,Suspicious
user_457,2020,490,73,357.7,132.3,4,Suspicious
user_458,2015,490,100,490,0,2,Suspicious
user_459,2010,490,84,411.6,78.4,4,Suspicious
user_460,2014,490,95,465.5,24.5,3,Suspicious
user_461,2013,490,100,490,0,4,Suspicious
user_462,2010,490,91,445.9,44.1,4,Suspicious
user_463,2010,490,99,485.1,4.9,4,Suspicious
user_464,2018,490,81,396.9,93.1,3,Suspicious
user_465,2015,480,96,460.8,19.2,4,Suspicious
user_466,2012,480,42,201.6,278.4,4,Suspicious
user_467,2015,480,97,465.6,14.4,4,Suspicious
user_468,2015,480,96,460.8,19.2,4,Suspicious
user_469,2013,480,99,475.2,4.8,4,Suspicious
user_470,2012,480,90,432,48,4,Suspicious
user_471,2012,480,93,446.4,33.6,1,Suspicious
user_472,2011,470,99,465.3,4.7,4,Suspicious
user_473,2010,470,79,371.3,98.7,3,Suspicious
user_474,2017,470,85,399.5,70.5,4,Suspicious
user_475,2011,470,93,437.1,32.9,4,Suspicious
user_476,2011,470,99,465.3,4.7,4,Suspicious
user_477,2010,470,60,282,188,4,Suspicious
user_478,2010,470,91,427.7,42.3,4,Suspicious
user_479,2010,470,100,470,0,4,Suspicious
user_480,2013,470,95,446.5,23.5,4,Suspicious
user_481,2020,470,94,441.8,28.2,3,Suspicious
user_482,2012,470,100,470,0,4,Suspicious
user_483,2012,460,92,423.2,36.8,4,Suspicious
user_484,2011,460,66,303.6,156.4,4,Suspicious
user_485,2011,460,79,363.4,96.6,4,Suspicious
user_486,2016,460,89,409.4,50.6,4,Suspicious
user_487,2010,460,92,423.2,36.8,4,Suspicious
user_488,2011,460,99,455.4,4.6,4,Suspicious
user_489,2017,460,100,460,0,3,Suspicious
user_490,2010,460,99,455.4,4.6,4,Suspicious
user_491,2010,460,89,409.4,50.6,4,Suspicious
user_492,2020,460,99,455.4,4.6,4,Suspicious
user_493,2009,460,93,427.8,32.2,4,Suspicious
user_494,2010,460,36,165.6,294.4,4,Suspicious
user_495,2018,460,67,308.2,151.8,4,Suspicious
user_496,2011,460,100,460,0,4,Suspicious
user_497,2019,460,98,450.8,9.2,4,Suspicious
user_498,2011,450,83,373.5,76.5,7,Suspicious
user_499,2018,450,91,409.5,40.5,4,Suspicious
user_500,2010,450,97,436.5,13.5,4,Suspicious
user_501,2011,450,100,450,0,4,Suspicious
user_502,2012,450,76,342,108,4,Suspicious
user_503,2011,450,100,450,0,4,Suspicious
user_504,2011,450,81,364.5,85.5,3,Suspicious
user_505,2017,450,100,450,0,4,Suspicious
user_506,2009,450,86,387,63,4,Suspicious
user_507,2010,450,95,427.5,22.5,4,Suspicious
user_508,2011,450,90,405,45,3,Suspicious
user_509,2011,450,37,166.5,283.5,4,Suspicious
user_510,2011,450,96,432,18,3,Suspicious
user_511,2010,450,97,436.5,13.5,4,Suspicious
user_512,2012,450,30,135,315,4,Suspicious
user_513,2009,450,97,436.5,13.5,4,Suspicious
user_514,2015,450,36,162,288,4,Suspicious
user_515,2013,440,51,224.4,215.6,4,Suspicious
user_516,2014,440,94,413.6,26.4,4,Suspicious
user_517,2018,440,100,440,0,4,Suspicious
user_518,2013,440,92,404.8,35.2,3,Suspicious
user_519,2012,440,99,435.6,4.4,4,Suspicious
user_520,2018,440,99,435.6,4.4,4,Suspicious
user_521,2013,440,98,431.2,8.8,4,Suspicious
user_522,2020,440,100,440,0,4,Suspicious
user_523,2009,430,96,412.8,17.2,4,Suspicious
user_524,2011,430,99,425.7,4.3,4,Suspicious
user_525,2019,430,98,421.4,8.6,4,Suspicious
user_526,2012,430,94,404.2,25.8,4,Suspicious
user_527,2012,430,95,408.5,21.5,4,Suspicious
user_528,2011,430,96,412.8,17.2,4,Suspicious
user_529,2013,430,96,412.8,17.2,4,Suspicious
user_530,2013,430,96,412.8,17.2,4,Suspicious
user_531,2013,430,94,404.2,25.8,4,Suspicious
user_532,2013,430,67,288.1,141.9,4,Suspicious
user_533,2010,430,93,399.9,30.1,4,Suspicious
user_534,2010,430,87,374.1,55.9,4,Suspicious
user_535,2012,420,96,403.2,16.8,4,Suspicious
user_536,2009,420,90,378,42,4,Suspicious
user_537,2015,420,90,378,42,4,Suspicious
user_538,2010,420,80,336,84,4,Suspicious
user_539,2014,420,100,420,0,4,Suspicious
user_540,2011,420,90,378,42,3,Suspicious
user_541,2020,420,25,105,315,4,Suspicious
user_542,2016,420,100,420,0,4,Suspicious
user_543,2012,420,85,357,63,4,Suspicious
user_544,2011,420,81,340.2,79.8,4,Suspicious
user_545,2010,420,100,420,0,3,Suspicious
user_546,2013,420,91,382.2,37.8,4,Suspicious
user_547,2016,420,100,420,0,5,Suspicious
user_548,2011,420,96,403.2,16.8,3,Suspicious
user_549,2011,420,95,399,21,4,Suspicious
user_550,2011,420,100,420,0,4,Suspicious
user_551,2011,410,100,410,0,3,Suspicious
user_552,2010,410,97,397.7,12.3,4,Suspicious
user_553,2017,410,83,340.3,69.7,5,Suspicious
user_554,2016,410,70,287,123,5,Suspicious
user_555,2008,410,100,410,0,4,Suspicious
user_556,2011,410,100,410,0,4,Suspicious
user_557,2017,410,100,410,0,4,Suspicious
user_558,2013,410,97,397.7,12.3,4,Suspicious
user_559,2018,410,66,270.6,139.4,4,Suspicious
user_560,2019,410,98,401.8,8.2,4,Suspicious
user_561,2018,400,100,400,0,4,Suspicious
user_562,2013,400,97,388,12,6,Suspicious
user_563,2010,400,100,400,0,4,Suspicious
user_564,2010,400,24,96,304,4,Suspicious
user_565,2012,400,98,392,8,4,Suspicious
user_566,2013,400,39,156,244,4,Suspicious
user_567,2010,400,87,348,52,4,Suspicious
user_568,2013,400,99,396,4,4,Suspicious
user_569,2011,400,87,348,52,4,Suspicious
user_570,2011,400,72,288,112,4,Suspicious
user_571,2012,400,84,336,64,4,Suspicious
user_572,2008,390,100,390,0,3,Suspicious
user_573,2010,390,100,390,0,4,Suspicious
user_574,2015,390,100,390,0,4,Suspicious
user_575,2015,390,100,390,0,4,Suspicious
user_576,2013,390,96,374.4,15.6,3,Suspicious
user_577,2013,390,74,288.6,101.4,5,Suspicious
user_578,2011,390,71,276.9,113.1,4,Suspicious
user_579,2019,390,2,7.8,382.2,4,Suspicious
user_580,2019,380,100,380,0,4,Suspicious
user_581,2010,380,99,376.2,3.8,3,Suspicious
user_582,2020,380,49,186.2,193.8,5,Suspicious
user_583,2016,380,96,364.8,15.2,5,Suspicious
user_584,2009,380,88,334.4,45.6,5,Suspicious
user_585,2019,380,82,311.6,68.4,5,Suspicious
user_586,2011,380,57,216.6,163.4,4,Suspicious
user_587,2009,380,98,372.4,7.6,4,Suspicious
user_588,2013,370,99,366.3,3.7,7,Suspicious
user_589,2010,370,77,284.9,85.1,5,Suspicious
user_590,2009,370,69,255.3,114.7,5,Suspicious
user_591,2011,370,100,370,0,5,Suspicious
user_592,2011,370,74,273.8,96.2,4,Suspicious
user_593,2010,370,81,299.7,70.3,6,Suspicious
user_594,2015,370,96,355.2,14.8,4,Suspicious
user_595,2012,370,53,196.1,173.9,0,Suspicious
user_596,2012,370,100,370,0,5,Suspicious
user_597,2010,370,98,362.6,7.4,3,Suspicious
user_598,2011,370,100,370,0,5,Suspicious
user_599,2020,370,83,307.1,62.9,5,Suspicious
user_600,2020,370,99,366.3,3.7,3,Suspicious
user_601,2018,370,96,355.2,14.8,4,Suspicious
user_602,2010,370,74,273.8,96.2,4,Suspicious
user_603,2018,370,79,292.3,77.7,5,Suspicious
user_604,2012,360,87,313.2,46.8,4,Suspicious
user_605,2008,360,79,284.4,75.6,4,Suspicious
user_606,2010,360,100,360,0,4,Suspicious
user_607,2010,360,66,237.6,122.4,5,Suspicious
user_608,2011,360,75,270,90,4,Suspicious
user_609,2012,360,99,356.4,3.6,4,Suspicious
user_610,2010,360,99,356.4,3.6,5,Suspicious
user_611,2014,360,99,356.4,3.6,5,Suspicious
user_612,2013,360,85,306,54,5,Suspicious
user_613,2010,360,90,324,36,4,Suspicious
user_614,2012,360,66,237.6,122.4,4,Suspicious
user_615,2018,360,10,36,324,5,Suspicious
user_616,2011,360,80,288,72,4,Suspicious
user_617,2010,360,100,360,0,4,Suspicious
user_618,2013,350,94,329,21,5,Suspicious
user_619,2009,350,44,154,196,5,Suspicious
user_620,2009,350,41,143.5,206.5,5,Suspicious
user_621,2011,350,18,63,287,4,Suspicious
user_622,2015,350,100,350,0,5,Suspicious
user_623,2015,350,92,322,28,5,Suspicious
user_624,2016,350,89,311.5,38.5,5,Suspicious
user_625,2012,350,74,259,91,5,Suspicious
user_626,2011,350,100,350,0,4,Suspicious
user_627,2016,350,98,343,7,4,Suspicious
user_628,2012,350,99,346.5,3.5,4,Suspicious
user_629,2010,350,100,350,0,4,Suspicious
user_630,2010,350,91,318.5,31.5,5,Suspicious
user_631,2018,350,20,70,280,5,Suspicious
user_632,2009,350,89,311.5,38.5,5,Suspicious
user_633,2011,350,98,343,7,4,Suspicious
user_634,2014,350,95,332.5,17.5,5,Suspicious
user_635,2011,350,61,213.5,136.5,5,Suspicious
user_636,2015,350,13,45.5,304.5,5,Suspicious
user_637,2018,350,80,280,70,5,Suspicious
user_638,2012,350,97,339.5,10.5,5,Suspicious
user_639,2019,350,57,199.5,150.5,3,Suspicious
user_640,2011,350,100,350,0,4,Suspicious
user_641,2020,350,100,350,0,5,Suspicious
user_642,2013,350,99,346.5,3.5,3,Suspicious
user_643,2015,350,90,315,35,5,Suspicious
user_644,2012,350,68,238,112,5,Suspicious
user_645,2010,350,98,343,7,4,Suspicious
user_646,2013,350,92,322,28,5,Suspicious
user_647,2018,350,100,350,0,5,Suspicious
user_648,2013,350,94,329,21,5,Suspicious
user_649,2010,340,93,316.2,23.8,5,Suspicious
user_650,2009,340,89,302.6,37.4,5,Suspicious
user_651,2018,340,96,326.4,13.6,4,Suspicious
user_652,2015,340,97,329.8,10.2,5,Suspicious
user_653,2019,340,89,302.6,37.4,4,Suspicious
user_654,2010,340,66,224.4,115.6,5,Suspicious
user_655,2009,340,96,326.4,13.6,4,Suspicious
user_656,2010,340,62,210.8,129.2,4,Suspicious
user_657,2019,340,95,323,17,5,Suspicious
user_658,2014,340,95,323,17,5,Suspicious
user_659,2013,340,100,340,0,5,Suspicious
user_660,2013,340,93,316.2,23.8,5,Suspicious
user_661,2019,330,98,323.4,6.6,3,Suspicious
user_662,2018,330,2,6.6,323.4,5,Suspicious
user_663,2017,330,99,326.7,3.3,4,Suspicious
user_664,2010,330,100,330,0,4,Suspicious
user_665,2010,330,69,227.7,102.3,5,Suspicious
user_666,2015,330,100,330,0,5,Suspicious
user_667,2010,330,99,326.7,3.3,5,Suspicious
user_668,2010,330,100,330,0,5,Suspicious
user_669,2010,330,79,260.7,69.3,3,Suspicious
user_670,2010,330,100,330,0,5,Suspicious
user_671,2011,330,100,330,0,3,Suspicious
user_672,2018,330,75,247.5,82.5,7,Suspicious
user_673,2017,330,95,313.5,16.5,9,Suspicious
user_674,2010,320,38,121.6,198.4,5,Suspicious
user_675,2018,320,79,252.8,67.2,5,Suspicious
user_676,2011,320,100,320,0,5,Suspicious
user_677,2013,320,98,313.6,6.4,5,Suspicious
user_678,2016,320,89,284.8,35.2,5,Suspicious
user_679,2012,320,79,252.8,67.2,5,Suspicious
user_680,2013,320,65,208,112,5,Suspicious
user_681,2009,320,63,201.6,118.4,5,Suspicious
user_682,2010,320,45,144,176,5,Suspicious
user_683,2015,310,99,306.9,3.1,7,Suspicious
user_684,2017,310,56,173.6,136.4,6,Suspicious
user_685,2010,310,96,297.6,12.4,5,Suspicious
user_686,2010,310,98,303.8,6.2,5,Suspicious
user_687,2018,310,51,158.1,151.9,5,Suspicious
user_688,2012,310,97,300.7,9.3,4,Suspicious
user_689,2014,310,80,248,62,4,Suspicious
user_690,2017,310,39,120.9,189.1,5,Suspicious
user_691,2011,310,99,306.9,3.1,4,Suspicious
user_692,2018,310,100,310,0,4,Suspicious
user_693,2011,310,100,310,0,5,Suspicious
user_694,2010,310,72,223.2,86.8,5,Suspicious
user_695,2016,310,99,306.9,3.1,7,Suspicious
user_696,2010,309,96,296.64,12.36,4,Suspicious
user_697,2013,300,53,159,141,5,Suspicious
user_698,2018,300,95,285,15,6,Suspicious
user_699,2010,300,90,270,30,5,Suspicious
user_700,2019,300,78,234,66,4,Suspicious
user_701,2015,300,92,276,24,5,Suspicious
user_702,2015,300,100,300,0,4,Suspicious
user_703,2009,300,67,201,99,5,Suspicious
user_704,2019,300,99,297,3,5,Suspicious
user_705,2010,300,28,84,216,6,Suspicious
user_706,2013,300,89,267,33,5,Suspicious
user_707,2011,300,100,300,0,5,Suspicious
user_708,2011,290,77,223.3,66.7,6,Suspicious
user_709,2010,290,94,272.6,17.4,5,Suspicious
user_710,2011,290,68,197.2,92.8,5,Suspicious
user_711,2009,290,95,275.5,14.5,6,Suspicious
user_712,2011,290,98,284.2,5.8,4,Suspicious
user_713,2011,290,99,287.1,2.9,5,Suspicious
user_714,2010,290,88,255.2,34.8,6,Suspicious
user_715,2017,290,61,176.9,113.1,6,Suspicious
user_716,2010,290,29,84.1,205.9,7,Suspicious
user_717,2011,290,100,290,0,7,Suspicious
user_718,2015,290,87,252.3,37.7,5,Suspicious
user_719,2009,290,73,211.7,78.3,5,Suspicious
user_720,2009,290,100,290,0,5,Suspicious
user_721,2011,290,100,290,0,6,Suspicious
user_722,2011,290,84,243.6,46.4,6,Suspicious
user_723,2011,290,73,211.7,78.3,6,Suspicious
user_724,2009,290,72,208.8,81.2,7,Suspicious
user_725,2017,290,100,290,0,6,Suspicious
user_726,2013,290,96,278.4,11.6,6,Suspicious
user_727,2017,290,97,281.3,8.7,5,Suspicious
user_728,2009,290,100,290,0,2,Suspicious
user_729,2010,290,69,200.1,89.9,6,Suspicious
user_730,2011,290,69,200.1,89.9,6,Suspicious
user_731,2013,290,74,214.6,75.4,5,Suspicious
user_732,2014,290,99,287.1,2.9,6,Suspicious
user_733,2013,280,31,86.8,193.2,6,Suspicious
user_734,2010,280,73,204.4,75.6,5,Suspicious
user_735,2013,280,97,271.6,8.4,4,Suspicious
user_736,2010,280,84,235.2,44.8,6,Suspicious
user_737,2010,280,80,224,56,6,Suspicious
user_738,2012,280,100,280,0,6,Suspicious
user_739,2012,280,99,277.2,2.8,5,Suspicious
user_740,2011,280,93,260.4,19.6,5,Suspicious
user_741,2009,280,75,210,70,4,Suspicious
user_742,2016,280,91,254.8,25.2,5,Suspicious
user_743,2019,280,88,246.4,33.6,6,Suspicious
user_744,2013,280,94,263.2,16.8,6,Suspicious
user_745,2014,280,98,274.4,5.6,6,Suspicious
user_746,2012,280,26,72.8,207.2,5,Suspicious
user_747,2012,280,91,254.8,25.2,7,Suspicious
user_748,2017,280,98,274.4,5.6,5,Suspicious
user_749,2010,280,100,280,0,4,Suspicious
user_750,2012,280,100,280,0,6,Suspicious
user_751,2019,280,76,212.8,67.2,6,Suspicious
user_752,2019,280,84,235.2,44.8,6,Suspicious
user_753,2010,280,85,238,42,6,Suspicious
user_754,2010,280,97,271.6,8.4,6,Suspicious
user_755,2015,280,100,280,0,6,Suspicious
user_756,2010,280,100,280,0,7,Suspicious
user_757,2013,280,91,254.8,25.2,6,Suspicious
user_758,2012,280,99,277.2,2.8,6,Suspicious
user_759,2012,270,84,226.8,43.2,6,Suspicious
user_760,2019,270,77,207.9,62.1,6,Suspicious
user_761,2009,270,54,145.8,124.2,6,Suspicious
user_762,2020,270,86,232.2,37.8,6,Suspicious
user_763,2012,270,83,224.1,45.9,5,Suspicious
user_764,2010,270,95,256.5,13.5,6,Suspicious
user_765,2010,270,94,253.8,16.2,6,Suspicious
user_766,2017,270,98,264.6,5.4,6,Suspicious
user_767,2013,270,21,56.7,213.3,6,Suspicious
user_768,2009,270,94,253.8,16.2,6,Suspicious
user_769,2010,270,78,210.6,59.4,5,Suspicious
user_770,2019,270,65,175.5,94.5,6,Suspicious
user_771,2011,270,99,267.3,2.7,4,Suspicious
user_772,2017,270,100,270,0,3,Suspicious
user_773,2011,270,85,229.5,40.5,6,Suspicious
user_774,2015,270,93,251.1,18.9,5,Suspicious
user_775,2010,270,92,248.4,21.6,6,Suspicious
user_776,2011,270,86,232.2,37.8,6,Suspicious
user_777,2010,260,93,241.8,18.2,6,Suspicious
user_778,2019,260,83,215.8,44.2,5,Suspicious
user_779,2010,260,100,260,0,6,Suspicious
user_780,2014,260,100,260,0,6,Suspicious
user_781,2019,260,100,260,0,4,Suspicious
user_782,2014,260,29,75.4,184.6,6,Suspicious
user_783,2010,260,95,247,13,6,Suspicious
user_784,2010,260,41,106.6,153.4,6,Suspicious
user_785,2012,260,100,260,0,6,Suspicious
user_786,2010,260,98,254.8,5.2,3,Suspicious
user_787,2009,260,82,213.2,46.8,6,Suspicious
user_788,2010,260,19,49.4,210.6,6,Suspicious
user_789,2010,260,88,228.8,31.2,6,Suspicious
user_790,2011,260,100,260,0,5,Suspicious
user_791,2016,260,49,127.4,132.6,5,Suspicious
user_792,2011,260,95,247,13,6,Suspicious
user_793,2010,250,62,155,95,7,Suspicious
user_794,2014,250,93,232.5,17.5,7,Suspicious
user_795,2010,250,94,235,15,7,Suspicious
user_796,2012,250,90,225,25,6,Suspicious
user_797,2011,250,100,250,0,5,Suspicious
user_798,2016,250,95,237.5,12.5,7,Suspicious
user_799,2010,250,100,250,0,7,Suspicious
user_800,2010,250,78,195,55,7,Suspicious
user_801,2009,250,95,237.5,12.5,7,Suspicious
user_802,2016,250,76,190,60,6,Suspicious
user_803,2015,250,95,237.5,12.5,5,Suspicious
user_804,2009,250,62,155,95,6,Suspicious
user_805,2010,250,100,250,0,7,Suspicious
user_806,2012,250,99,247.5,2.5,7,Suspicious
user_807,2011,250,96,240,10,6,Suspicious
user_808,2010,250,10,25,225,6,Suspicious
user_809,2010,250,85,212.5,37.5,6,Suspicious
user_810,2017,250,99,247.5,2.5,7,Suspicious
user_811,2011,250,61,152.5,97.5,5,Suspicious
user_812,2013,250,100,250,0,3,Suspicious
user_813,2011,250,97,242.5,7.5,6,Suspicious
user_814,2011,240,21,50.4,189.6,6,Suspicious
user_815,2010,240,98,235.2,4.8,6,Suspicious
user_816,2012,240,99,237.6,2.4,7,Suspicious
user_817,2013,240,89,213.6,26.4,5,Suspicious
user_818,2018,240,100,240,0,7,Suspicious
user_819,2009,240,69,165.6,74.4,7,Suspicious
user_820,2009,240,71,170.4,69.6,7,Suspicious
user_821,2016,240,92,220.8,19.2,7,Suspicious
user_822,2011,240,100,240,0,6,Suspicious
user_823,2012,240,44,105.6,134.4,7,Suspicious
user_824,2012,240,98,235.2,4.8,3,Suspicious
user_825,2010,240,92,220.8,19.2,7,Suspicious
user_826,2010,240,76,182.4,57.6,7,Suspicious
user_827,2012,240,86,206.4,33.6,7,Suspicious
user_828,2010,240,93,223.2,16.8,7,Suspicious
user_829,2018,240,85,204,36,7,Suspicious
user_830,2010,240,98,235.2,4.8,4,Suspicious
user_831,2019,240,96,230.4,9.6,6,Suspicious
user_832,2010,240,100,240,0,7,Suspicious
user_833,2015,240,98,235.2,4.8,7,Suspicious
user_834,2016,240,97,232.8,7.2,6,Suspicious
user_835,2017,240,7,16.8,223.2,7,Suspicious
user_836,2010,230,93,213.9,16.1,7,Suspicious
user_837,2010,230,54,124.2,105.8,7,Suspicious
user_838,2011,230,67,154.1,75.9,7,Suspicious
user_839,2010,230,71,163.3,66.7,7,Suspicious
user_840,2010,230,100,230,0,7,Suspicious
user_841,2018,230,97,223.1,6.9,7,Suspicious
user_842,2009,230,90,207,23,7,Suspicious
user_843,2010,230,98,225.4,4.6,7,Suspicious
user_844,2011,230,97,223.1,6.9,2,Suspicious
user_845,2011,230,82,188.6,41.4,7,Suspicious
user_846,2011,230,57,131.1,98.9,7,Suspicious
user_847,2019,230,100,230,0,7,Suspicious
user_848,2010,230,97,223.1,6.9,3,Suspicious
user_849,2012,230,37,85.1,144.9,7,Suspicious
user_850,2012,230,64,147.2,82.8,7,Suspicious
user_851,2015,230,99,227.7,2.3,7,Suspicious
user_852,2013,230,97,223.1,6.9,7,Suspicious
user_853,2014,230,97,223.1,6.9,7,Suspicious
user_854,2013,230,98,225.4,4.6,7,Suspicious
user_855,2010,230,95,218.5,11.5,6,Suspicious
user_856,2017,230,81,186.3,43.7,7,Suspicious
user_857,2014,230,100,230,0,7,Suspicious
user_858,2012,230,94,216.2,13.8,7,Suspicious
user_859,2010,230,60,138,92,6,Suspicious
user_860,2017,230,96,220.8,9.2,7,Suspicious
user_861,2011,230,88,202.4,27.6,6,Suspicious
user_862,2013,220,91,200.2,19.8,4,Suspicious
user_863,2011,220,86,189.2,30.8,7,Suspicious
user_864,2011,220,80,176,44,6,Suspicious
user_865,2016,220,99,217.8,2.2,7,Suspicious
user_866,2010,220,97,213.4,6.6,7,Suspicious
user_867,2015,220,100,220,0,7,Suspicious
user_868,2010,220,100,220,0,6,Suspicious
user_869,2010,220,65,143,77,7,Suspicious
user_870,2011,220,100,220,0,7,Suspicious
user_871,2011,220,51,112.2,107.8,6,Suspicious
user_872,2012,220,84,184.8,35.2,7,Suspicious
user_873,2016,220,99,217.8,2.2,7,Suspicious
user_874,2014,220,100,220,0,4,Suspicious
user_875,2011,220,100,220,0,7,Suspicious
user_876,2013,220,98,215.6,4.4,5,Suspicious
user_877,2018,220,88,193.6,26.4,5,Suspicious
user_878,2014,220,100,220,0,4,Suspicious
user_879,2019,220,84,184.8,35.2,7,Suspicious
user_880,2010,220,82,180.4,39.6,7,Suspicious
user_881,2015,220,97,213.4,6.6,4,Suspicious
user_882,2020,220,95,209,11,7,Suspicious
user_883,2015,210,100,210,0,7,Suspicious
user_884,2009,210,97,203.7,6.3,7,Suspicious
user_885,2011,210,93,195.3,14.7,7,Suspicious
user_886,2012,210,87,182.7,27.3,7,Suspicious
user_887,2012,210,100,210,0,7,Suspicious
user_888,2012,210,97,203.7,6.3,7,Suspicious
user_889,2013,210,73,153.3,56.7,7,Suspicious
user_890,2010,210,44,92.4,117.6,7,Suspicious
user_891,2014,210,99,207.9,2.1,7,Suspicious
user_892,2012,210,72,151.2,58.8,7,Suspicious
user_893,2015,210,100,210,0,7,Suspicious
user_894,2014,210,85,178.5,31.5,7,Suspicious
user_895,2011,210,98,205.8,4.2,7,Suspicious
user_896,2009,210,88,184.8,25.2,7,Suspicious
user_897,2017,210,88,184.8,25.2,4,Suspicious
user_898,2009,210,75,157.5,52.5,7,Suspicious
user_899,2017,210,100,210,0,6,Suspicious
user_900,2009,210,84,176.4,33.6,2,Suspicious
user_901,2011,210,67,140.7,69.3,7,Suspicious
user_902,2015,210,90,189,21,5,Suspicious
user_903,2014,210,87,182.7,27.3,7,Suspicious
user_904,2010,210,99,207.9,2.1,7,Suspicious
user_905,2016,200,100,200,0,4,Suspicious
user_906,2010,200,88,176,24,7,Suspicious
user_907,2010,200,85,170,30,7,Suspicious
user_908,2017,200,100,200,0,6,Suspicious
user_909,2014,200,100,200,0,7,Suspicious
user_910,2017,200,72,144,56,7,Suspicious
user_911,2014,200,87,174,26,7,Suspicious
user_912,2010,200,85,170,30,7,Suspicious
user_913,2020,200,93,186,14,6,Suspicious
user_914,2016,200,100,200,0,7,Suspicious
user_915,2016,200,54,108,92,7,Suspicious
user_916,2017,200,83,166,34,7,Suspicious
user_917,2018,200,89,178,22,4,Suspicious
user_918,2013,200,41,82,118,7,Suspicious
user_919,2019,200,83,166,34,6,Suspicious
user_920,2012,200,72,144,56,7,Suspicious
user_921,2013,200,99,198,2,7,Suspicious
user_922,2010,200,86,172,28,7,Suspicious
user_923,2010,200,71,142,58,7,Suspicious
user_924,2020,200,100,200,0,0,Suspicious
user_925,2013,200,82,164,36,4,Suspicious
user_926,2011,190,77,146.3,43.7,7,Suspicious
user_927,2009,190,81,153.9,36.1,7,Suspicious
user_928,2011,190,99,188.1,1.9,7,Suspicious
user_929,2013,190,100,190,0,5,Suspicious
user_930,2019,190,56,106.4,83.6,6,Suspicious
user_931,2012,190,99,188.1,1.9,7,Suspicious
user_932,2010,190,50,95,95,7,Suspicious
user_933,2010,190,14,26.6,163.4,7,Suspicious
user_934,2011,190,76,144.4,45.6,7,Suspicious
user_935,2012,190,100,190,0,6,Suspicious
user_936,2020,190,7,13.3,176.7,7,Suspicious
user_937,2013,190,92,174.8,15.2,5,Suspicious
user_938,2016,190,92,174.8,15.2,7,Suspicious
user_939,2011,190,100,190,0,7,Suspicious
user_940,2012,190,100,190,0,7,Suspicious
user_941,2010,190,55,104.5,85.5,7,Suspicious
user_942,2012,190,100,190,0,7,Suspicious
user_943,2015,190,88,167.2,22.8,7,Suspicious
user_944,2017,190,81,153.9,36.1,7,Suspicious
user_945,2019,190,80,152,38,7,Suspicious
user_946,2020,190,52,98.8,91.2,6,Suspicious
user_947,2010,190,51,96.9,93.1,7,Suspicious
user_948,2010,190,24,45.6,144.4,6,Suspicious
user_949,2014,190,53,100.7,89.3,7,Suspicious
user_950,2016,190,98,186.2,3.8,7,Suspicious
user_951,2011,190,100,190,0,7,Suspicious
user_952,2014,190,100,190,0,4,Suspicious
user_953,2010,190,94,178.6,11.4,7,Suspicious
user_954,2012,190,98,186.2,3.8,7,Suspicious
user_955,2008,190,56,106.4,83.6,7,Suspicious
user_956,2012,190,88,167.2,22.8,7,Suspicious
user_957,2020,190,98,186.2,3.8,7,Suspicious
user_958,2011,190,91,172.9,17.1,7,Suspicious
user_959,2010,190,66,125.4,64.6,7,Suspicious
user_960,2010,190,93,176.7,13.3,7,Suspicious
user_961,2010,180,100,180,0,7,Suspicious
user_962,2013,180,74,133.2,46.8,7,Suspicious
user_963,2018,180,99,178.2,1.8,7,Suspicious
user_964,2014,180,92,165.6,14.4,7,Suspicious
user_965,2012,180,67,120.6,59.4,7,Suspicious
user_966,2010,180,94,169.2,10.8,6,Suspicious
user_967,2013,180,67,120.6,59.4,7,Suspicious
user_968,2012,180,66,118.8,61.2,7,Suspicious
user_969,2010,180,52,93.6,86.4,7,Suspicious
user_970,2010,180,95,171,9,6,Suspicious
user_971,2016,180,87,156.6,23.4,7,Suspicious
user_972,2009,180,95,171,9,5,Suspicious
user_973,2010,180,61,109.8,70.2,7,Suspicious
user_974,2009,180,82,147.6,32.4,7,Suspicious
user_975,2014,180,49,88.2,91.8,7,Suspicious
user_976,2011,180,98,176.4,3.6,6,Suspicious
user_977,2009,180,67,120.6,59.4,6,Suspicious
user_978,2012,180,72,129.6,50.4,7,Suspicious
user_979,2016,180,87,156.6,23.4,5,Suspicious
user_980,2013,180,17,30.6,149.4,7,Suspicious
user_981,2011,180,56,100.8,79.2,7,Suspicious
user_982,2010,180,61,109.8,70.2,7,Suspicious
user_983,2016,180,95,171,9,7,Suspicious
user_984,2016,180,100,180,0,6,Suspicious
user_985,2015,180,86,154.8,25.2,6,Suspicious
user_986,2012,180,46,82.8,97.2,7,Suspicious
user_987,2011,180,36,64.8,115.2,7,Suspicious
user_988,2010,180,98,176.4,3.6,5,Suspicious
user_989,2011,180,74,133.2,46.8,6,Suspicious
user_990,2009,180,82,147.6,32.4,7,Suspicious
user_991,2015,180,75,135,45,7,Suspicious
user_992,2020,180,80,144,36,7,Suspicious
user_993,2019,180,90,162,18,7,Suspicious
user_994,2011,180,100,180,0,7,Suspicious
user_995,2018,170,90,153,17,7,Suspicious
user_996,2013,170,100,170,0,7,Suspicious
user_997,2019,170,100,170,0,7,Suspicious
user_998,2010,170,100,170,0,7,Suspicious
user_999,2014,170,78,132.6,37.4,7,Suspicious
user_1000,2018,170,83,141.1,28.9,6,Suspicious
user_1001,2011,170,96,163.2,6.8,2,Suspicious
user_1002,2018,170,72,122.4,47.6,7,Suspicious
user_1003,2011,170,11,18.7,151.3,7,Suspicious
user_1004,2016,170,99,168.3,1.7,7,Suspicious
user_1005,2017,170,60,102,68,7,Suspicious
user_1006,2016,170,73,124.1,45.9,5,Suspicious
user_1007,2017,170,97,164.9,5.1,7,Suspicious
user_1008,2011,170,41,69.7,100.3,7,Suspicious
user_1009,2013,170,99,168.3,1.7,7,Suspicious
user_1010,2017,170,99,168.3,1.7,7,Suspicious
user_1011,2010,170,100,170,0,7,Suspicious
user_1012,2010,170,99,168.3,1.7,7,Suspicious
user_1013,2016,170,99,168.3,1.7,6,Suspicious
user_1014,2020,170,98,166.6,3.4,7,Suspicious
user_1015,2012,170,71,120.7,49.3,7,Suspicious
user_1016,2019,170,84,142.8,27.2,7,Suspicious
user_1017,2019,160,40,64,96,7,Suspicious
user_1018,2010,160,86,137.6,22.4,7,Suspicious
user_1019,2014,160,99,158.4,1.6,7,Suspicious
user_1020,2010,160,100,160,0,7,Suspicious
user_1021,2016,160,75,120,40,7,Suspicious
user_1022,2016,160,98,156.8,3.2,7,Suspicious
user_1023,2014,160,71,113.6,46.4,7,Suspicious
user_1024,2009,160,98,156.8,3.2,7,Suspicious
user_1025,2009,160,99,158.4,1.6,7,Suspicious
user_1026,2018,160,95,152,8,7,Suspicious
user_1027,2010,160,80,128,32,6,Suspicious
user_1028,2009,160,97,155.2,4.8,7,Suspicious
user_1029,2012,160,94,150.4,9.6,6,Suspicious
user_1030,2009,160,73,116.8,43.2,7,Suspicious
user_1031,2011,160,85,136,24,7,Suspicious
user_1032,2011,160,98,156.8,3.2,4,Suspicious
user_1033,2013,160,87,139.2,20.8,6,Suspicious
user_1034,2018,160,97,155.2,4.8,7,Suspicious
user_1035,2018,160,85,136,24,6,Suspicious
user_1036,2012,160,62,99.2,60.8,7,Suspicious
user_1037,2012,160,95,152,8,7,Suspicious
user_1038,2015,160,98,156.8,3.2,6,Suspicious
user_1039,2013,160,65,104,56,7,Suspicious
user_1040,2019,160,84,134.4,25.6,7,Suspicious
user_1041,2010,160,93,148.8,11.2,7,Suspicious
user_1042,2011,160,94,150.4,9.6,7,Suspicious
user_1043,2019,160,98,156.8,3.2,7,Suspicious
user_1044,2012,160,100,160,0,7,Suspicious
user_1045,2010,150,62,93,57,7,Suspicious
user_1046,2009,150,30,45,105,7,Suspicious
user_1047,2010,150,93,139.5,10.5,7,Suspicious
user_1048,2012,150,92,138,12,7,Suspicious
user_1049,2018,150,98,147,3,6,Suspicious
user_1050,2016,150,100,150,0,6,Suspicious
user_1051,2017,150,96,144,6,7,Suspicious
user_1052,2010,150,26,39,111,7,Suspicious
user_1053,2010,150,70,105,45,3,Suspicious
user_1054,2010,150,98,147,3,7,Suspicious
user_1055,2014,150,54,81,69,7,Suspicious
user_1056,2018,150,100,150,0,7,Suspicious
user_1057,2012,150,54,81,69,7,Suspicious
user_1058,2009,150,98,147,3,7,Suspicious
user_1059,2016,150,100,150,0,6,Suspicious
user_1060,2014,150,10,15,135,6,Suspicious
user_1061,2012,150,93,139.5,10.5,7,Suspicious
user_1062,2010,150,65,97.5,52.5,6,Suspicious
user_1063,2010,150,71,106.5,43.5,6,Suspicious
user_1064,2014,150,21,31.5,118.5,7,Suspicious
user_1065,2018,150,100,150,0,5,Suspicious
user_1066,2011,150,85,127.5,22.5,7,Suspicious
user_1067,2011,150,81,121.5,28.5,7,Suspicious
user_1068,2017,150,96,144,6,7,Suspicious
user_1069,2014,150,100,150,0,7,Suspicious
user_1070,2019,150,100,150,0,7,Suspicious
user_1071,2009,150,92,138,12,7,Suspicious
user_1072,2010,150,91,136.5,13.5,6,Suspicious
user_1073,2013,150,98,147,3,7,Suspicious
user_1074,2018,150,91,136.5,13.5,6,Suspicious
user_1075,2020,150,95,142.5,7.5,6,Suspicious
user_1076,2012,150,55,82.5,67.5,7,Suspicious
user_1077,2010,150,100,150,0,7,Suspicious
user_1078,2010,150,24,36,114,7,Suspicious
user_1079,2011,140,88,123.2,16.8,7,Suspicious
user_1080,2010,140,55,77,63,7,Suspicious
user_1081,2018,140,99,138.6,1.4,7,Suspicious
user_1082,2010,140,32,44.8,95.2,7,Suspicious
user_1083,2016,140,84,117.6,22.4,7,Suspicious
user_1084,2018,140,96,134.4,5.6,7,Suspicious
user_1085,2016,140,60,84,56,7,Suspicious
user_1086,2009,140,65,91,49,7,Suspicious
user_1087,2018,140,75,105,35,7,Suspicious
user_1088,2018,140,93,130.2,9.8,7,Suspicious
user_1089,2010,140,72,100.8,39.2,7,Suspicious
user_1090,2018,140,87,121.8,18.2,7,Suspicious
user_1091,2011,140,58,81.2,58.8,7,Suspicious
user_1092,2010,140,57,79.8,60.2,7,Suspicious
user_1093,2017,140,97,135.8,4.2,7,Suspicious
user_1094,2010,140,93,130.2,9.8,7,Suspicious
user_1095,2011,140,94,131.6,8.4,7,Suspicious
user_1096,2010,140,100,140,0,3,Suspicious
user_1097,2011,140,99,138.6,1.4,7,Suspicious
user_1098,2010,140,88,123.2,16.8,7,Suspicious
user_1099,2019,140,100,140,0,7,Suspicious
user_1100,2010,140,78,109.2,30.8,7,Suspicious
user_1101,2014,140,93,130.2,9.8,6,Suspicious
user_1102,2012,140,96,134.4,5.6,7,Suspicious
user_1103,2014,140,92,128.8,11.2,6,Suspicious
user_1104,2011,140,96,134.4,5.6,7,Suspicious
user_1105,2010,140,58,81.2,58.8,7,Suspicious
user_1106,2010,140,94,131.6,8.4,7,Suspicious
user_1107,2016,140,44,61.6,78.4,7,Suspicious
user_1108,2010,140,98,137.2,2.8,7,Suspicious
user_1109,2014,140,57,79.8,60.2,6,Suspicious
user_1110,2018,130,93,120.9,9.1,7,Suspicious
user_1111,2016,130,97,126.1,3.9,3,Suspicious
user_1112,2013,130,96,124.8,5.2,7,Suspicious
user_1113,2009,130,79,102.7,27.3,7,Suspicious
user_1114,2013,130,87,113.1,16.9,7,Suspicious
user_1115,2018,130,94,122.2,7.8,7,Suspicious
user_1116,2010,130,100,130,0,6,Suspicious
user_1117,2016,130,86,111.8,18.2,7,Suspicious
user_1118,2010,130,66,85.8,44.2,7,Suspicious
user_1119,2016,130,99,128.7,1.3,7,Suspicious
user_1120,2019,130,83,107.9,22.1,7,Suspicious
user_1121,2011,130,80,104,26,7,Suspicious
user_1122,2015,130,98,127.4,2.6,7,Suspicious
user_1123,2012,130,95,123.5,6.5,7,Suspicious
user_1124,2010,130,67,87.1,42.9,7,Suspicious
user_1125,2012,130,78,101.4,28.6,7,Suspicious
user_1126,2010,130,95,123.5,6.5,6,Suspicious
user_1127,2011,130,68,88.4,41.6,6,Suspicious
user_1128,2009,130,35,45.5,84.5,7,Suspicious
user_1129,2016,130,64,83.2,46.8,7,Suspicious
user_1130,2017,130,95,123.5,6.5,7,Suspicious
user_1131,2013,130,98,127.4,2.6,5,Suspicious
user_1132,2009,130,80,104,26,7,Suspicious
user_1133,2017,130,79,102.7,27.3,7,Suspicious
user_1134,2010,130,97,126.1,3.9,7,Suspicious
user_1135,2012,130,100,130,0,7,Suspicious
user_1136,2011,130,100,130,0,7,Suspicious
user_1137,2012,130,84,109.2,20.8,6,Suspicious
user_1138,2013,130,93,120.9,9.1,5,Suspicious
user_1139,2014,130,94,122.2,7.8,6,Suspicious
user_1140,2010,130,97,126.1,3.9,7,Suspicious
user_1141,2019,130,72,93.6,36.4,7,Suspicious
user_1142,2015,130,81,105.3,24.7,7,Suspicious
user_1143,2010,130,54,70.2,59.8,7,Suspicious
user_1144,2014,130,95,123.5,6.5,7,Suspicious
user_1145,2010,125,83,103.75,21.25,7,Suspicious
user_1146,2010,120,94,112.8,7.2,7,Suspicious
user_1147,2015,120,68,81.6,38.4,7,Suspicious
user_1148,2012,120,88,105.6,14.4,7,Suspicious
user_1149,2010,120,88,105.6,14.4,7,Suspicious
user_1150,2011,120,99,118.8,1.2,6,Suspicious
user_1151,2016,120,92,110.4,9.6,7,Suspicious
user_1152,2013,120,100,120,0,4,Suspicious
user_1153,2010,120,100,120,0,7,Suspicious
user_1154,2010,120,92,110.4,9.6,7,Suspicious
user_1155,2017,120,16,19.2,100.8,7,Suspicious
user_1156,2010,120,89,106.8,13.2,7,Suspicious
user_1157,2016,120,100,120,0,6,Suspicious
user_1158,2013,120,96,115.2,4.8,7,Suspicious
user_1159,2012,120,75,90,30,7,Suspicious
user_1160,2011,120,100,120,0,7,Suspicious
user_1161,2012,120,99,118.8,1.2,6,Suspicious
user_1162,2013,120,99,118.8,1.2,6,Suspicious
user_1163,2009,120,93,111.6,8.4,7,Suspicious
user_1164,2011,120,89,106.8,13.2,6,Suspicious
user_1165,2011,120,73,87.6,32.4,7,Suspicious
user_1166,2010,120,98,117.6,2.4,7,Suspicious
user_1167,2017,120,98,117.6,2.4,4,Suspicious
user_1168,2014,120,95,114,6,7,Suspicious
user_1169,2010,120,77,92.4,27.6,7,Suspicious
user_1170,2013,120,97,116.4,3.6,5,Suspicious
user_1171,2011,120,86,103.2,16.8,7,Suspicious
user_1172,2012,120,78,93.6,26.4,7,Suspicious
user_1173,2015,120,24,28.8,91.2,7,Suspicious
user_1174,2018,120,93,111.6,8.4,4,Suspicious
user_1175,2011,120,90,108,12,7,Suspicious
user_1176,2010,120,94,112.8,7.2,5,Suspicious
user_1177,2014,120,46,55.2,64.8,7,Suspicious
user_1178,2016,120,88,105.6,14.4,6,Suspicious
user_1179,2014,120,91,109.2,10.8,7,Suspicious
user_1180,2011,120,66,79.2,40.8,7,Suspicious
user_1181,2016,120,63,75.6,44.4,5,Suspicious
user_1182,2013,120,80,96,24,7,Suspicious
user_1183,2009,120,44,52.8,67.2,7,Suspicious
user_1184,2010,120,90,108,12,7,Suspicious
user_1185,2010,120,66,79.2,40.8,7,Suspicious
user_1186,2012,120,90,108,12,7,Suspicious
user_1187,2020,110,92,101.2,8.8,7,Suspicious
user_1188,2012,110,89,97.9,12.1,7,Suspicious
user_1189,2010,110,2,2.2,107.8,7,Suspicious
user_1190,2010,110,99,108.9,1.1,6,Suspicious
user_1191,2009,110,100,110,0,6,Suspicious
user_1192,2017,110,98,107.8,2.2,7,Suspicious
user_1193,2015,110,76,83.6,26.4,7,Suspicious
user_1194,2008,110,80,88,22,7,Suspicious
user_1195,2011,110,100,110,0,7,Suspicious
user_1196,2011,110,53,58.3,51.7,7,Suspicious
user_1197,2010,110,75,82.5,27.5,7,Suspicious
user_1198,2010,110,88,96.8,13.2,7,Suspicious
user_1199,2015,110,84,92.4,17.6,3,Suspicious
user_1200,2012,110,77,84.7,25.3,7,Suspicious
user_1201,2010,110,73,80.3,29.7,6,Suspicious
user_1202,2010,110,85,93.5,16.5,7,Suspicious
user_1203,2010,110,100,110,0,7,Suspicious
user_1204,2018,110,98,107.8,2.2,6,Suspicious
user_1205,2013,110,99,108.9,1.1,7,Suspicious
user_1206,20011,110,75,82.5,27.5,7,Suspicious
user_1207,2017,110,93,102.3,7.7,7,Suspicious
user_1208,2012,110,94,103.4,6.6,7,Suspicious
user_1209,2019,110,35,38.5,71.5,6,Suspicious
user_1210,2016,110,100,110,0,5,Suspicious
user_1211,2011,110,97,106.7,3.3,7,Suspicious
user_1212,2013,110,41,45.1,64.9,7,Suspicious
user_1213,2009,110,86,94.6,15.4,7,Suspicious
user_1214,2009,110,95,104.5,5.5,7,Suspicious
user_1215,2010,110,97,106.7,3.3,7,Suspicious
user_1216,2011,110,100,110,0,7,Suspicious
user_1217,2011,110,85,93.5,16.5,7,Suspicious
user_1218,2010,110,81,89.1,20.9,7,Suspicious
user_1219,2011,110,12,13.2,96.8,7,Suspicious
user_1220,2016,110,100,110,0,7,Suspicious
user_1221,2011,110,98,107.8,2.2,7,Suspicious
user_1222,2013,110,61,67.1,42.9,7,Suspicious
user_1223,2015,100,39,39,61,7,Suspicious
user_1224,2009,100,100,100,0,3,Suspicious
user_1225,2018,100,99,99,1,7,Suspicious
user_1226,2011,100,85,85,15,5,Suspicious
user_1227,2011,100,82,82,18,7,Suspicious
user_1228,2011,100,96,96,4,3,Suspicious
user_1229,2019,100,64,64,36,5,Suspicious
user_1230,2011,100,74,74,26,7,Suspicious
user_1231,2020,100,33,33,67,7,Suspicious
user_1232,2013,100,97,97,3,7,Suspicious
user_1233,2009,100,70,70,30,7,Suspicious
user_1234,2010,100,100,100,0,4,Suspicious
user_1235,2012,100,70,70,30,7,Suspicious
user_1236,2012,100,100,100,0,7,Suspicious
user_1237,2010,100,92,92,8,7,Suspicious
user_1238,2010,100,52,52,48,7,Suspicious
user_1239,2016,100,45,45,55,7,Suspicious
user_1240,2019,100,100,100,0,7,Suspicious
user_1241,2010,100,34,34,66,7,Suspicious
user_1242,2019,100,68,68,32,7,Suspicious
user_1243,2011,100,59,59,41,7,Suspicious
user_1244,2012,99,65,64.35,34.65,7,Suspicious
user_1245,2014,99,99,98.01,0.99,7,Suspicious
user_1246,2010,99,88,87.12,11.88,7,Suspicious
user_1247,2010,99,100,99,0,7,Suspicious
user_1248,2010,98,77,75.46,22.54,7,Suspicious
user_1249,2012,98,98,96.04,1.96,7,Suspicious
user_1250,2013,98,95,93.1,4.9,7,Suspicious
user_1251,2012,98,95,93.1,4.9,7,Suspicious
user_1252,2010,97,100,97,0,6,Organic
user_1253,2011,97,75,72.75,24.25,7,Organic
user_1254,2011,97,76,73.72,23.28,6,Organic
user_1255,2019,97,65,63.05,33.95,6,Organic
user_1256,2017,97,59,57.23,39.77,7,Organic
user_1257,2017,96,90,86.4,9.6,7,Organic
user_1258,2015,96,100,96,0,6,Organic
user_1259,2009,96,95,91.2,4.8,7,Organic
user_1260,2018,95,77,73.15,21.85,7,Organic
user_1261,2010,95,90,85.5,9.5,7,Organic
user_1262,2017,94,94,88.36,5.64,6,Organic
user_1263,2016,94,26,24.44,69.56,7,Organic
user_1264,2010,93,97,90.21,2.79,7,Organic
user_1265,2011,93,93,86.49,6.51,6,Organic
user_1266,2012,93,100,93,0,5,Organic
user_1267,2010,93,85,79.05,13.95,7,Organic
user_1268,2010,93,80,74.4,18.6,7,Organic
user_1269,2016,93,78,72.54,20.46,7,Organic
user_1270,2011,92,98,90.16,1.84,7,Organic
user_1271,2009,92,10,9.2,82.8,7,Organic
user_1272,2010,92,73,67.16,24.84,7,Organic
user_1273,2014,92,83,76.36,15.64,7,Organic
user_1274,2017,92,97,89.24,2.76,5,Organic
user_1275,2010,91,78,70.98,20.02,7,Organic
user_1276,2009,91,96,87.36,3.64,7,Organic
user_1277,2011,91,94,85.54,5.46,7,Organic
user_1278,2019,91,83,75.53,15.47,7,Organic
user_1279,2017,91,48,43.68,47.32,7,Organic
user_1280,2011,91,95,86.45,4.55,7,Organic
user_1281,2012,90,71,63.9,26.1,7,Organic
user_1282,2009,90,100,90,0,7,Organic
user_1283,2012,89,95,84.55,4.45,7,Organic
user_1284,2014,89,55,48.95,40.05,7,Organic
user_1285,2013,89,100,89,0,7,Organic
user_1286,2011,88,100,88,0,7,Organic
user_1287,2015,88,74,65.12,22.88,7,Organic
user_1288,2009,88,100,88,0,2,Organic
user_1289,2014,88,100,88,0,7,Organic
user_1290,2010,88,25,22,66,7,Organic
user_1291,2010,88,81,71.28,16.72,5,Organic
user_1292,2017,87,91,79.17,7.83,5,Organic
user_1293,2008,87,100,87,0,7,Organic
user_1294,2020,87,1,0.87,86.13,6,Organic
user_1295,2013,87,100,87,0,4,Organic
user_1296,2011,86,90,77.4,8.6,7,Organic
user_1297,2015,86,100,86,0,7,Organic
user_1298,2011,85,85,72.25,12.75,4,Organic
user_1299,2014,85,19,16.15,68.85,7,Organic
user_1300,2019,85,63,53.55,31.45,7,Organic
user_1301,2010,84,88,73.92,10.08,7,Organic
user_1302,2013,84,94,78.96,5.04,7,Organic
user_1303,2013,84,51,42.84,41.16,7,Organic
user_1304,2012,84,63,52.92,31.08,7,Organic
user_1305,2010,84,98,82.32,1.68,7,Organic
user_1306,2012,84,98,82.32,1.68,7,Organic
user_1307,2019,84,84,70.56,13.44,6,Organic
user_1308,2010,83,92,76.36,6.64,7,Organic
user_1309,2009,83,14,11.62,71.38,7,Organic
user_1310,2011,83,97,80.51,2.49,7,Organic
user_1311,2020,82,6,4.92,77.08,7,Organic
user_1312,2010,82,100,82,0,7,Organic
user_1313,2014,82,98,80.36,1.64,6,Organic
user_1314,2011,82,100,82,0,7,Organic
user_1315,2018,81,82,66.42,14.58,7,Organic
user_1316,2011,81,84,68.04,12.96,4,Organic
user_1317,2014,81,99,80.19,0.81,7,Organic
user_1318,2016,81,100,81,0,7,Organic
user_1319,2011,80,84,67.2,12.8,7,Organic
user_1320,2014,80,99,79.2,0.8,6,Organic
user_1321,2010,80,79,63.2,16.8,7,Organic
user_1322,2009,79,93,73.47,5.53,7,Organic
user_1323,2013,79,90,71.1,7.9,7,Organic
user_1324,2011,79,60,47.4,31.6,7,Organic
user_1325,2010,78,65,50.7,27.3,7,Organic
user_1326,2011,78,69,53.82,24.18,7,Organic
user_1327,2009,78,57,44.46,33.54,7,Organic
user_1328,2010,78,86,67.08,10.92,7,Organic
user_1329,2009,78,83,64.74,13.26,7,Organic
user_1330,2010,78,92,71.76,6.24,7,Organic
user_1331,2016,78,87,67.86,10.14,7,Organic
user_1332,2011,78,96,74.88,3.12,7,Organic
user_1333,2010,77,73,56.21,20.79,7,Organic
user_1334,2013,77,21,16.17,60.83,7,Organic
user_1335,2013,77,52,40.04,36.96,7,Organic
user_1336,2012,77,98,75.46,1.54,7,Organic
user_1337,2012,77,21,16.17,60.83,7,Organic
user_1338,2011,77,33,25.41,51.59,7,Organic
user_1339,2009,77,95,73.15,3.85,7,Organic
user_1340,2018,77,90,69.3,7.7,7,Organic
user_1341,2010,76,90,68.4,7.6,7,Organic
user_1342,2019,76,40,30.4,45.6,7,Organic
user_1343,2010,75,98,73.5,1.5,7,Organic
user_1344,2011,75,100,75,0,5,Organic
user_1345,2012,74,93,68.82,5.18,7,Organic
user_1346,2010,74,100,74,0,7,Organic
user_1347,2013,74,98,72.52,1.48,7,Organic
user_1348,2012,74,12,8.88,65.12,7,Organic
user_1349,2010,74,82,60.68,13.32,7,Organic
user_1350,2014,74,96,71.04,2.96,7,Organic
user_1351,2009,73,85,62.05,10.95,7,Organic
user_1352,2010,73,2,1.46,71.54,7,Organic
user_1353,2018,73,86,62.78,10.22,7,Organic
user_1354,2014,73,43,31.39,41.61,7,Organic
user_1355,2010,73,66,48.18,24.82,4,Organic
user_1356,2010,73,74,54.02,18.98,7,Organic
user_1357,2018,73,78,56.94,16.06,7,Organic
user_1358,2019,73,95,69.35,3.65,7,Organic
user_1359,2017,73,96,70.08,2.92,4,Organic
user_1360,2012,73,80,58.4,14.6,7,Organic
user_1361,2011,72,99,71.28,0.72,6,Organic
user_1362,2013,72,56,40.32,31.68,7,Organic
user_1363,2018,72,44,31.68,40.32,7,Organic
user_1364,2011,72,100,72,0,7,Organic
user_1365,2011,72,100,72,0,7,Organic
user_1366,2011,72,99,71.28,0.72,7,Organic
user_1367,2010,72,52,37.44,34.56,7,Organic
user_1368,2010,71,80,56.8,14.2,7,Organic
user_1369,2014,71,100,71,0,7,Organic
user_1370,2010,71,98,69.58,1.42,7,Organic
user_1371,2009,71,78,55.38,15.62,7,Organic
user_1372,2011,71,91,64.61,6.39,7,Organic
user_1373,2010,71,97,68.87,2.13,7,Organic
user_1374,2010,71,97,68.87,2.13,6,Organic
user_1375,2009,70,71,49.7,20.3,7,Organic
user_1376,2009,70,42,29.4,40.6,7,Organic
user_1377,2012,70,94,65.8,4.2,5,Organic
user_1378,2012,70,97,67.9,2.1,7,Organic
user_1379,2011,70,99,69.3,0.7,7,Organic
user_1380,2016,69,98,67.62,1.38,7,Organic
user_1381,2010,69,100,69,0,7,Organic
user_1382,2012,69,98,67.62,1.38,7,Organic
user_1383,2012,69,86,59.34,9.66,7,Organic
user_1384,2013,69,86,59.34,9.66,7,Organic
user_1385,2011,68,32,21.76,46.24,7,Organic
user_1386,2011,68,57,38.76,29.24,7,Organic
user_1387,2019,68,5,3.4,64.6,7,Organic
user_1388,2016,68,93,63.24,4.76,7,Organic
user_1389,2016,68,100,68,0,6,Organic
user_1390,2009,68,69,46.92,21.08,7,Organic
user_1391,2020,67,72,48.24,18.76,7,Organic
user_1392,2010,67,41,27.47,39.53,7,Organic
user_1393,2011,67,93,62.31,4.69,7,Organic
user_1394,2019,66,98,64.68,1.32,7,Organic
user_1395,2016,66,85,56.1,9.9,7,Organic
user_1396,2015,66,99,65.34,0.66,5,Organic
user_1397,2016,66,99,65.34,0.66,7,Organic
user_1398,2009,66,98,64.68,1.32,7,Organic
user_1399,2017,66,100,66,0,7,Organic
user_1400,2010,66,0,0,66,7,Organic
user_1401,2010,66,42,27.72,38.28,7,Organic
user_1402,2016,65,100,65,0,7,Organic
user_1403,2011,65,85,55.25,9.75,7,Organic
user_1404,2016,65,100,65,0,7,Organic
user_1405,2010,64,95,60.8,3.2,3,Organic
user_1406,2011,64,28,17.92,46.08,7,Organic
user_1407,2011,64,99,63.36,0.64,7,Organic
user_1408,2009,64,51,32.64,31.36,7,Organic
user_1409,2011,64,100,64,0,7,Organic
user_1410,2020,64,68,43.52,20.48,7,Organic
user_1411,2015,64,74,47.36,16.64,7,Organic
user_1412,2010,64,94,60.16,3.84,7,Organic
user_1413,2011,64,63,40.32,23.68,7,Organic
user_1414,2016,63,97,61.11,1.89,7,Organic
user_1415,2012,63,89,56.07,6.93,7,Organic
user_1416,2020,63,97,61.11,1.89,4,Organic
user_1417,2011,62,61,37.82,24.18,7,Organic
user_1418,2018,62,100,62,0,6,Organic
user_1419,2010,62,53,32.86,29.14,7,Organic
user_1420,2009,62,41,25.42,36.58,7,Organic
user_1421,2012,62,85,52.7,9.3,7,Organic
user_1422,2010,61,87,53.07,7.93,7,Organic
user_1423,2013,61,72,43.92,17.08,7,Organic
user_1424,2014,61,95,57.95,3.05,7,Organic
user_1425,2010,61,67,40.87,20.13,7,Organic
user_1426,2010,60,89,53.4,6.6,7,Organic
user_1427,2010,60,75,45,15,7,Organic
user_1428,2020,60,71,42.6,17.4,7,Organic
user_1429,2017,59,96,56.64,2.36,7,Organic
user_1430,2018,59,86,50.74,8.26,7,Organic
user_1431,2013,59,18,10.62,48.38,7,Organic
user_1432,2013,59,63,37.17,21.83,7,Organic
user_1433,2012,59,94,55.46,3.54,7,Organic
user_1434,2013,58,95,55.1,2.9,7,Organic
user_1435,2016,58,77,44.66,13.34,7,Organic
user_1436,2011,58,44,25.52,32.48,7,Organic
user_1437,2017,58,64,37.12,20.88,7,Organic
user_1438,2015,58,67,38.86,19.14,7,Organic
user_1439,2016,58,100,58,0,7,Organic
user_1440,2010,57,54,30.78,26.22,7,Organic
user_1441,2011,57,100,57,0,7,Organic
user_1442,2020,57,91,51.87,5.13,7,Organic
user_1443,2012,57,86,49.02,7.98,7,Organic
user_1444,2015,57,98,55.86,1.14,6,Organic
user_1445,2013,57,100,57,0,7,Organic
user_1446,2011,57,46,26.22,30.78,7,Organic
user_1447,2011,57,81,46.17,10.83,7,Organic
user_1448,2013,57,91,51.87,5.13,7,Organic
user_1449,2010,57,31,17.67,39.33,7,Organic
user_1450,2013,56,98,54.88,1.12,7,Organic
user_1451,2012,56,90,50.4,5.6,7,Organic
user_1452,2011,56,92,51.52,4.48,7,Organic
user_1453,2010,55,0,0,55,7,Organic
user_1454,2011,55,47,25.85,29.15,7,Organic
user_1455,2013,55,67,36.85,18.15,7,Organic
user_1456,2011,55,95,52.25,2.75,7,Organic
user_1457,2011,55,100,55,0,7,Organic
user_1458,2009,55,95,52.25,2.75,7,Organic
user_1459,2011,54,88,47.52,6.48,2,Organic
user_1460,2010,54,92,49.68,4.32,6,Organic
user_1461,2010,54,96,51.84,2.16,7,Organic
user_1462,2010,54,78,42.12,11.88,7,Organic
user_1463,2011,54,97,52.38,1.62,6,Organic
user_1464,2009,54,60,32.4,21.6,7,Organic
user_1465,2011,54,86,46.44,7.56,3,Organic
user_1466,2010,54,54,29.16,24.84,7,Organic
user_1467,2011,54,93,50.22,3.78,7,Organic
user_1468,2013,54,99,53.46,0.54,7,Organic
user_1469,2011,54,46,24.84,29.16,7,Organic
user_1470,2016,53,94,49.82,3.18,7,Organic
user_1471,2010,53,0,0,53,7,Organic
user_1472,2015,53,80,42.4,10.6,7,Organic
user_1473,2011,53,90,47.7,5.3,7,Organic
user_1474,2018,53,7,3.71,49.29,7,Organic
user_1475,2013,53,45,23.85,29.15,7,Organic
user_1476,2019,52,92,47.84,4.16,6,Organic
user_1477,2010,52,96,49.92,2.08,7,Organic
user_1478,2010,52,99,51.48,0.52,7,Organic
user_1479,2010,52,4,2.08,49.92,7,Organic
user_1480,2012,52,52,27.04,24.96,6,Organic
user_1481,2018,52,87,45.24,6.76,7,Organic
user_1482,2009,52,99,51.48,0.52,7,Organic
user_1483,2009,51,100,51,0,7,Organic
user_1484,2016,51,61,31.11,19.89,7,Organic
user_1485,2018,51,2,1.02,49.98,7,Organic
user_1486,2012,51,93,47.43,3.57,7,Organic
user_1487,2011,50,92,46,4,7,Organic
user_1488,2012,50,81,40.5,9.5,7,Organic
user_1489,2020,50,1,0.5,49.5,7,Organic
user_1490,2013,50,99,49.5,0.5,7,Organic
user_1491,2009,50,59,29.5,20.5,7,Organic
user_1492,2010,50,95,47.5,2.5,7,Organic
user_1493,2011,50,97,48.5,1.5,7,Organic
user_1494,2019,50,22,11,39,7,Organic
user_1495,2010,49,100,49,0,7,Organic
user_1496,2009,49,95,46.55,2.45,7,Organic
user_1497,2010,49,58,28.42,20.58,7,Organic
user_1498,2009,49,97,47.53,1.47,7,Organic
user_1499,2016,49,100,49,0,7,Organic
user_1500,2017,48,74,35.52,12.48,4,Organic
user_1501,2009,48,96,46.08,1.92,7,Organic
user_1502,2018,48,66,31.68,16.32,7,Organic
user_1503,2011,48,83,39.84,8.16,7,Organic
user_1504,2016,48,100,48,0,7,Organic
user_1505,2017,48,100,48,0,7,Organic
user_1506,2018,48,99,47.52,0.48,7,Organic
user_1507,2011,47,71,33.37,13.63,7,Organic
user_1508,2009,47,23,10.81,36.19,7,Organic
user_1509,2017,47,90,42.3,4.7,7,Organic
user_1510,2018,47,99,46.53,0.47,7,Organic
user_1511,2010,47,98,46.06,0.94,7,Organic
user_1512,2010,47,77,36.19,10.81,7,Organic
user_1513,2012,47,62,29.14,17.86,7,Organic
user_1514,2019,47,96,45.12,1.88,7,Organic
user_1515,2019,47,76,35.72,11.28,7,Organic
user_1516,2013,47,18,8.46,38.54,6,Organic
user_1517,2015,47,78,36.66,10.34,7,Organic
user_1518,2009,46,72,33.12,12.88,7,Organic
user_1519,2018,46,93,42.78,3.22,7,Organic
user_1520,2014,46,78,35.88,10.12,7,Organic
user_1521,2014,46,96,44.16,1.84,7,Organic
user_1522,2011,46,94,43.24,2.76,7,Organic
user_1523,2011,46,96,44.16,1.84,7,Organic
user_1524,2019,46,93,42.78,3.22,7,Organic
user_1525,2010,45,83,37.35,7.65,7,Organic
user_1526,2012,45,85,38.25,6.75,7,Organic
user_1527,2011,45,44,19.8,25.2,7,Organic
user_1528,2013,45,60,27,18,7,Organic
user_1529,2019,45,62,27.9,17.1,7,Organic
user_1530,2014,45,94,42.3,2.7,7,Organic
user_1531,2010,45,81,36.45,8.55,7,Organic
user_1532,2009,45,70,31.5,13.5,7,Organic
user_1533,2010,45,52,23.4,21.6,7,Organic
user_1534,2018,44,96,42.24,1.76,3,Organic
user_1535,2010,44,70,30.8,13.2,7,Organic
user_1536,2013,44,89,39.16,4.84,7,Organic
user_1537,2010,44,92,40.48,3.52,7,Organic
user_1538,2010,44,93,40.92,3.08,7,Organic
user_1539,2010,43,99,42.57,0.43,7,Organic
user_1540,2009,43,19,8.17,34.83,7,Organic
user_1541,2010,43,88,37.84,5.16,7,Organic
user_1542,2013,43,90,38.7,4.3,7,Organic
user_1543,2014,43,56,24.08,18.92,7,Organic
user_1544,2010,43,67,28.81,14.19,7,Organic
user_1545,2011,43,82,35.26,7.74,7,Organic
user_1546,2007,43,82,35.26,7.74,7,Organic
user_1547,2009,42,100,42,0,7,Organic
user_1548,2011,42,30,12.6,29.4,7,Organic
user_1549,2010,42,75,31.5,10.5,7,Organic
user_1550,2011,42,79,33.18,8.82,7,Organic
user_1551,2010,42,100,42,0,7,Organic
user_1552,2014,42,26,10.92,31.08,7,Organic
user_1553,2010,42,61,25.62,16.38,7,Organic
user_1554,2009,42,90,37.8,4.2,6,Organic
user_1555,2011,42,98,41.16,0.84,4,Organic
user_1556,2010,42,55,23.1,18.9,7,Organic
user_1557,2010,42,89,37.38,4.62,7,Organic
user_1558,2011,42,66,27.72,14.28,7,Organic
user_1559,2010,42,79,33.18,8.82,7,Organic
user_1560,2018,42,45,18.9,23.1,7,Organic
user_1561,2018,42,100,42,0,7,Organic
user_1562,2014,40,86,34.4,5.6,7,Organic
user_1563,2018,40,97,38.8,1.2,7,Organic
user_1564,2010,40,70,28,12,7,Organic
user_1565,2011,40,88,35.2,4.8,7,Organic
user_1566,2013,40,94,37.6,2.4,7,Organic
user_1567,2009,39,100,39,0,7,Organic
user_1568,2012,39,92,35.88,3.12,7,Organic
user_1569,2014,39,70,27.3,11.7,7,Organic
user_1570,2017,39,100,39,0,7,Organic
user_1571,2011,39,27,10.53,28.47,7,Organic
user_1572,2009,39,59,23.01,15.99,7,Organic
user_1573,2013,39,82,31.98,7.02,6,Organic
user_1574,2012,39,100,39,0,2,Organic
user_1575,2010,39,50,19.5,19.5,7,Organic
user_1576,2009,38,38,14.44,23.56,7,Organic
user_1577,2012,38,96,36.48,1.52,7,Organic
user_1578,2017,38,72,27.36,10.64,7,Organic
user_1579,2010,38,40,15.2,22.8,7,Organic
user_1580,2009,38,35,13.3,24.7,7,Organic
user_1581,2010,38,99,37.62,0.38,7,Organic
user_1582,2012,38,98,37.24,0.76,7,Organic
user_1583,2018,38,97,36.86,1.14,7,Organic
user_1584,2020,38,25,9.5,28.5,7,Organic
user_1585,2010,38,38,14.44,23.56,7,Organic
user_1586,2010,38,88,33.44,4.56,8,Organic
user_1587,2018,38,98,37.24,0.76,5,Organic
user_1588,2012,38,89,33.82,4.18,7,Organic
user_1589,2013,38,84,31.92,6.08,7,Organic
user_1590,2012,38,3,1.14,36.86,7,Organic
user_1591,2015,37,98,36.26,0.74,7,Organic
user_1592,2010,37,84,31.08,5.92,6,Organic
user_1593,2010,36,86,30.96,5.04,7,Organic
user_1594,2009,36,99,35.64,0.36,3,Organic
user_1595,2014,36,92,33.12,2.88,7,Organic
user_1596,2013,36,76,27.36,8.64,7,Organic
user_1597,2010,36,45,16.2,19.8,7,Organic
user_1598,2017,36,91,32.76,3.24,7,Organic
user_1599,2017,36,91,32.76,3.24,6,Organic
user_1600,2014,35,96,33.6,1.4,7,Organic
user_1601,2018,35,79,27.65,7.35,5,Organic
user_1602,2010,35,92,32.2,2.8,5,Organic
user_1603,2018,35,96,33.6,1.4,7,Organic
user_1604,2010,35,40,14,21,7,Organic
user_1605,2010,35,99,34.65,0.35,7,Organic
user_1606,2010,35,100,35,0,7,Organic
user_1607,2010,34,99,33.66,0.34,6,Organic
user_1608,2012,34,100,34,0,6,Organic
user_1609,2013,34,69,23.46,10.54,7,Organic
user_1610,2018,34,94,31.96,2.04,4,Organic
user_1611,2015,33,100,33,0,7,Organic
user_1612,2008,33,99,32.67,0.33,7,Organic
user_1613,2013,33,56,18.48,14.52,7,Organic
user_1614,2017,33,100,33,0,6,Organic
user_1615,2012,33,96,31.68,1.32,4,Organic
user_1616,2010,33,94,31.02,1.98,7,Organic
user_1617,2013,33,100,33,0,7,Organic
user_1618,2011,33,57,18.81,14.19,7,Organic
user_1619,2017,33,100,33,0,4,Organic
user_1620,2010,33,97,32.01,0.99,7,Organic
user_1621,2007,33,72,23.76,9.24,7,Organic
user_1622,2010,33,98,32.34,0.66,7,Organic
user_1623,2018,33,98,32.34,0.66,6,Organic
user_1624,2016,33,87,28.71,4.29,7,Organic
user_1625,2010,33,91,30.03,2.97,7,Organic
user_1626,2014,33,75,24.75,8.25,7,Organic
user_1627,2009,32,72,23.04,8.96,7,Organic
user_1628,2017,32,75,24,8,1,Organic
user_1629,2010,32,100,32,0,7,Organic
user_1630,2018,32,97,31.04,0.96,7,Organic
user_1631,2019,31,85,26.35,4.65,6,Organic
user_1632,2010,31,83,25.73,5.27,7,Organic
user_1633,2019,30,58,17.4,12.6,7,Organic
user_1634,2015,30,74,22.2,7.8,7,Organic
user_1635,2012,30,78,23.4,6.6,7,Organic
user_1636,2011,30,72,21.6,8.4,7,Organic
user_1637,2018,29,100,29,0,7,Organic
user_1638,2018,29,95,27.55,1.45,7,Organic
user_1639,2015,29,98,28.42,0.58,7,Organic
user_1640,2011,29,99,28.71,0.29,7,Organic
user_1641,2014,29,96,27.84,1.16,4,Organic
user_1642,2010,29,87,25.23,3.77,7,Organic
user_1643,2010,29,91,26.39,2.61,7,Organic
user_1644,2010,28,51,14.28,13.72,7,Organic
user_1645,2013,28,67,18.76,9.24,7,Organic
user_1646,2009,27,94,25.38,1.62,5,Organic
user_1647,2012,27,93,25.11,1.89,7,Organic
user_1648,2018,27,86,23.22,3.78,7,Organic
user_1649,2017,27,99,26.73,0.27,7,Organic
user_1650,2012,27,47,12.69,14.31,7,Organic
user_1651,2010,27,80,21.6,5.4,7,Organic
user_1652,2010,27,89,24.03,2.97,7,Organic
user_1653,2012,27,76,20.52,6.48,7,Organic
user_1654,2010,27,98,26.46,0.54,7,Organic
user_1655,2009,26,71,18.46,7.54,7,Organic
user_1656,2015,26,98,25.48,0.52,7,Organic
user_1657,2016,26,0,0,26,7,Organic
user_1658,2012,26,98,25.48,0.52,6,Organic
user_1659,2012,26,99,25.74,0.26,7,Organic
user_1660,2010,26,87,22.62,3.38,7,Organic
user_1661,2011,26,95,24.7,1.3,7,Organic
user_1662,2013,26,84,21.84,4.16,7,Organic
user_1663,2010,25,95,23.75,1.25,7,Organic
user_1664,2018,25,78,19.5,5.5,7,Organic
user_1665,2015,25,88,22,3,7,Organic
user_1666,2020,25,35,8.75,16.25,7,Organic
user_1667,2013,25,88,22,3,7,Organic
user_1668,2009,25,95,23.75,1.25,7,Organic
user_1669,2010,25,71,17.75,7.25,7,Organic
user_1670,2016,25,70,17.5,7.5,7,Organic
user_1671,2009,25,99,24.75,0.25,7,Organic
user_1672,2010,25,75,18.75,6.25,7,Organic
user_1673,2012,25,77,19.25,5.75,7,Organic
user_1674,2012,25,72,18,7,7,Organic
user_1675,2010,25,39,9.75,15.25,7,Organic
user_1676,2009,24,74,17.76,6.24,7,Organic
user_1677,2009,24,78,18.72,5.28,7,Organic
user_1678,2011,24,93,22.32,1.68,7,Organic
user_1679,2019,24,100,24,0,5,Organic
user_1680,2010,24,34,8.16,15.84,7,Organic
user_1681,2012,24,99,23.76,0.24,7,Organic
user_1682,2017,24,100,24,0,7,Organic
user_1683,2018,24,97,23.28,0.72,7,Organic
user_1684,2019,24,43,10.32,13.68,7,Organic
user_1685,2010,24,100,24,0,7,Organic
user_1686,2012,24,98,23.52,0.48,7,Organic
user_1687,2010,24,99,23.76,0.24,7,Organic
user_1688,2011,24,71,17.04,6.96,7,Organic
user_1689,2015,23,92,21.16,1.84,7,Organic
user_1690,2011,23,90,20.7,2.3,7,Organic
user_1691,2012,23,95,21.85,1.15,7,Organic
user_1692,2017,23,99,22.77,0.23,5,Organic
user_1693,2010,23,98,22.54,0.46,5,Organic
user_1694,2010,23,76,17.48,5.52,5,Organic
user_1695,2019,23,35,8.05,14.95,5,Organic
user_1696,2010,22,42,9.24,12.76,7,Organic
user_1697,2009,22,65,14.3,7.7,3,Organic
user_1698,2011,22,82,18.04,3.96,7,Organic
user_1699,2010,22,45,9.9,12.1,7,Organic
user_1700,2010,22,90,19.8,2.2,7,Organic
user_1701,2013,22,53,11.66,10.34,7,Organic
user_1702,2011,22,72,15.84,6.16,7,Organic
user_1703,2010,22,70,15.4,6.6,7,Organic
user_1704,2017,21,77,16.17,4.83,7,Organic
user_1705,2015,21,87,18.27,2.73,3,Organic
user_1706,2020,21,9,1.89,19.11,7,Organic
user_1707,2011,21,76,15.96,5.04,7,Organic
user_1708,2019,21,78,16.38,4.62,5,Organic
user_1709,2010,21,89,18.69,2.31,7,Organic
user_1710,2018,21,33,6.93,14.07,7,Organic
user_1711,2012,21,59,12.39,8.61,7,Organic
user_1712,2011,21,46,9.66,11.34,7,Organic
user_1713,2020,20,22,4.4,15.6,7,Organic
user_1714,2010,20,78,15.6,4.4,7,Organic
user_1715,2010,20,87,17.4,2.6,7,Organic
user_1716,2011,20,21,4.2,15.8,7,Organic
user_1717,2018,20,95,19,1,2,Organic
user_1718,2018,20,30,6,14,7,Organic
user_1719,2014,20,94,18.8,1.2,7,Organic
user_1720,2009,19,100,19,0,7,Organic
user_1721,2015,19,99,18.81,0.19,2,Organic
user_1722,2012,19,86,16.34,2.66,7,Organic
user_1723,2019,19,99,18.81,0.19,7,Organic
user_1724,2009,19,49,9.31,9.69,7,Organic
user_1725,2014,19,73,13.87,5.13,7,Organic
user_1726,2010,19,81,15.39,3.61,7,Organic
user_1727,2018,19,99,18.81,0.19,7,Organic
user_1728,2011,19,41,7.79,11.21,7,Organic
user_1729,2011,19,14,2.66,16.34,6,Organic
user_1730,2018,19,86,16.34,2.66,7,Organic
user_1731,2020,19,90,17.1,1.9,6,Organic
user_1732,2010,19,98,18.62,0.38,7,Organic
user_1733,2013,19,72,13.68,5.32,7,Organic
user_1734,2017,18,8,1.44,16.56,7,Organic
user_1735,2014,18,24,4.32,13.68,7,Organic
user_1736,2011,18,64,11.52,6.48,4,Organic
user_1737,2015,18,66,11.88,6.12,7,Organic
user_1738,2017,18,79,14.22,3.78,7,Organic
user_1739,2010,18,90,16.2,1.8,7,Organic
user_1740,2011,18,80,14.4,3.6,7,Organic
user_1741,2014,18,99,17.82,0.18,5,Organic
user_1742,2012,18,79,14.22,3.78,7,Organic
user_1743,2009,18,85,15.3,2.7,7,Organic
user_1744,2010,18,83,14.94,3.06,7,Organic
user_1745,2010,18,99,17.82,0.18,7,Organic
user_1746,2011,18,78,14.04,3.96,7,Organic
user_1747,2015,18,100,18,0,7,Organic
user_1748,2018,17,7,1.19,15.81,7,Organic
user_1749,2014,17,99,16.83,0.17,7,Organic
user_1750,2018,17,80,13.6,3.4,7,Organic
user_1751,2017,17,100,17,0,4,Organic
user_1752,2011,17,98,16.66,0.34,7,Organic
user_1753,2010,17,83,14.11,2.89,7,Organic
user_1754,2017,17,70,11.9,5.1,4,Organic
user_1755,2017,17,97,16.49,0.51,6,Organic
user_1756,2010,17,100,17,0,5,Organic
user_1757,2018,17,46,7.82,9.18,7,Organic
user_1758,2012,17,1,0.17,16.83,6,Organic
user_1759,2013,17,100,17,0,2,Organic
user_1760,2009,17,75,12.75,4.25,7,Organic
user_1761,2011,17,98,16.66,0.34,7,Organic
user_1762,2016,17,94,15.98,1.02,6,Organic
user_1763,2009,17,86,14.62,2.38,7,Organic
user_1764,2017,17,100,17,0,7,Organic
user_1765,2015,16,82,13.12,2.88,7,Organic
user_1766,2010,16,84,13.44,2.56,7,Organic
user_1767,2015,16,99,15.84,0.16,4,Organic
user_1768,2010,16,94,15.04,0.96,7,Organic
user_1769,2009,16,96,15.36,0.64,7,Organic
user_1770,2012,16,100,16,0,7,Organic
user_1771,2012,16,75,12,4,7,Organic
user_1772,2015,16,86,13.76,2.24,7,Organic
user_1773,2011,16,97,15.52,0.48,7,Organic
user_1774,2013,16,2,0.32,15.68,7,Organic
user_1775,2013,16,88,14.08,1.92,7,Organic
user_1776,2011,16,68,10.88,5.12,7,Organic
user_1777,2017,16,48,7.68,8.32,7,Organic
user_1778,2020,16,84,13.44,2.56,7,Organic
user_1779,2009,16,10,1.6,14.4,7,Organic
user_1780,2013,15,99,14.85,0.15,1,Organic
user_1781,2018,15,5,0.75,14.25,7,Organic
user_1782,2010,15,81,12.15,2.85,7,Organic
user_1783,2013,15,54,8.1,6.9,7,Organic
user_1784,2019,15,10,1.5,13.5,7,Organic
user_1785,2013,15,98,14.7,0.3,7,Organic
user_1786,2009,15,100,15,0,7,Organic
user_1787,2011,15,95,14.25,0.75,3,Organic
user_1788,2011,15,98,14.7,0.3,7,Organic
user_1789,2010,15,71,10.65,4.35,7,Organic
user_1790,2011,15,30,4.5,10.5,7,Organic
user_1791,2019,15,89,13.35,1.65,7,Organic
user_1792,2014,15,100,15,0,7,Organic
user_1793,2010,15,96,14.4,0.6,7,Organic
user_1794,2011,15,92,13.8,1.2,7,Organic
user_1795,2010,15,79,11.85,3.15,7,Organic
user_1796,2011,15,70,10.5,4.5,7,Organic
user_1797,2019,15,96,14.4,0.6,7,Organic
user_1798,2019,15,88,13.2,1.8,7,Organic
user_1799,2019,14,83,11.62,2.38,1,Organic
user_1800,2015,14,98,13.72,0.28,3,Organic
user_1801,2012,14,91,12.74,1.26,7,Organic
user_1802,2015,14,89,12.46,1.54,7,Organic
user_1803,2010,14,100,14,0,7,Organic
user_1804,2015,14,97,13.58,0.42,7,Organic
user_1805,2008,14,92,12.88,1.12,7,Organic
user_1806,2009,14,17,2.38,11.62,7,Organic
user_1807,2011,14,98,13.72,0.28,5,Organic
user_1808,2016,14,94,13.16,0.84,7,Organic
user_1809,2012,14,82,11.48,2.52,7,Organic
user_1810,2010,14,51,7.14,6.86,7,Organic
user_1811,2018,14,86,12.04,1.96,7,Organic
user_1812,2012,14,92,12.88,1.12,7,Organic
user_1813,2014,14,66,9.24,4.76,7,Organic
user_1814,2011,14,52,7.28,6.72,7,Organic
user_1815,2018,14,0,0,14,6,Organic
user_1816,2011,14,94,13.16,0.84,7,Organic
user_1817,2010,14,99,13.86,0.14,7,Organic
user_1818,2011,14,97,13.58,0.42,7,Organic
user_1819,2009,14,94,13.16,0.84,7,Organic
user_1820,2018,14,0,0,14,7,Organic
user_1821,2010,14,72,10.08,3.92,7,Organic
user_1822,2014,14,82,11.48,2.52,7,Organic
user_1823,2013,13,89,11.57,1.43,4,Organic
user_1824,2011,13,83,10.79,2.21,7,Organic
user_1825,2010,13,13,1.69,11.31,7,Organic
user_1826,2011,13,65,8.45,4.55,7,Organic
user_1827,2012,13,68,8.84,4.16,7,Organic
user_1828,2009,13,92,11.96,1.04,7,Organic
user_1829,2018,13,94,12.22,0.78,7,Organic
user_1830,2018,13,31,4.03,8.97,7,Organic
user_1831,2009,13,75,9.75,3.25,7,Organic
user_1832,2011,13,36,4.68,8.32,7,Organic
user_1833,2012,13,89,11.57,1.43,7,Organic
user_1834,2013,13,99,12.87,0.13,7,Organic
user_1835,2018,13,56,7.28,5.72,7,Organic
user_1836,2014,13,60,7.8,5.2,7,Organic
user_1837,2019,13,61,7.93,5.07,7,Organic
user_1838,2018,13,18,2.34,10.66,7,Organic
user_1839,2011,13,100,13,0,7,Organic
user_1840,2014,12,2,0.24,11.76,7,Organic
user_1841,2009,12,66,7.92,4.08,7,Organic
user_1842,2011,12,99,11.88,0.12,7,Organic
user_1843,2010,12,97,11.64,0.36,2,Organic
user_1844,2009,12,46,5.52,6.48,7,Organic
user_1845,2017,12,55,6.6,5.4,4,Organic
user_1846,2013,12,54,6.48,5.52,7,Organic
user_1847,2013,12,79,9.48,2.52,7,Organic
user_1848,2016,12,43,5.16,6.84,7,Organic
user_1849,2014,12,93,11.16,0.84,7,Organic
user_1850,2010,12,94,11.28,0.72,7,Organic
user_1851,2010,12,97,11.64,0.36,7,Organic
user_1852,2010,12,37,4.44,7.56,7,Organic
user_1853,2018,12,88,10.56,1.44,7,Organic
user_1854,2014,12,70,8.4,3.6,7,Organic
user_1855,2016,12,50,6,6,7,Organic
user_1856,2014,12,98,11.76,0.24,7,Organic
user_1857,2017,12,97,11.64,0.36,7,Organic
user_1858,2010,12,95,11.4,0.6,6,Organic
user_1859,2017,12,64,7.68,4.32,7,Organic
user_1860,2010,12,84,10.08,1.92,7,Organic
user_1861,2019,12,97,11.64,0.36,7,Organic
user_1862,2010,12,99,11.88,0.12,7,Organic
user_1863,2011,11,94,10.34,0.66,1,Organic
user_1864,2018,11,87,9.57,1.43,7,Organic
user_1865,2011,11,87,9.57,1.43,7,Organic
user_1866,2010,11,100,11,0,7,Organic
user_1867,2011,11,77,8.47,2.53,7,Organic
user_1868,2011,11,83,9.13,1.87,7,Organic
user_1869,2018,11,73,8.03,2.97,2,Organic
user_1870,2012,11,72,7.92,3.08,7,Organic
user_1871,2011,11,97,10.67,0.33,7,Organic
user_1872,2012,11,27,2.97,8.03,7,Organic
user_1873,2020,11,98,10.78,0.22,5,Organic
user_1874,2010,11,49,5.39,5.61,6,Organic
user_1875,2016,11,81,8.91,2.09,7,Organic
user_1876,2010,11,60,6.6,4.4,7,Organic
user_1877,2014,11,73,8.03,2.97,7,Organic
user_1878,2011,11,94,10.34,0.66,7,Organic
user_1879,2011,11,98,10.78,0.22,6,Organic
user_1880,2013,11,98,10.78,0.22,7,Organic
user_1881,2011,10,91,9.1,0.9,7,Organic
user_1882,2018,10,98,9.8,0.2,3,Organic
user_1883,2014,10,40,4,6,7,Organic
user_1884,2019,9.7,99,9.603,0.097,7,Organic
user_1885,2010,9.5,84,7.98,1.52,7,Organic
user_1886,2010,9.4,83,7.802,1.598,6,Organic
user_1887,2017,9.3,3,0.279,9.021,7,Organic
user_1888,2009,9.3,84,7.812,1.488,7,Organic
user_1889,2018,9.3,94,8.742,0.558,1,Organic
user_1890,2009,9.2,47,4.324,4.876,7,Organic
user_1891,2015,9.1,0,0,9.1,5,Organic
user_1892,2018,9.1,89,8.099,1.001,4,Organic
user_1893,2010,9,92,8.28,0.72,7,Organic
user_1894,2017,8.8,90,7.92,0.88,7,Organic
user_1895,2011,8.8,56,4.928,3.872,7,Organic
user_1896,2010,8.6,75,6.45,2.15,7,Organic
user_1897,2014,8.5,80,6.8,1.7,7,Organic
user_1898,2019,8.4,94,7.896,0.504,7,Organic
user_1899,2009,8.4,66,5.544,2.856,7,Organic
user_1900,2010,8.1,99,8.019,0.081,4,Organic
user_1901,2012,8.1,79,6.399,1.701,3,Organic
user_1902,2009,8.1,96,7.776,0.324,7,Organic
user_1903,2010,8,29,2.32,5.68,7,Organic
user_1904,2013,8,98,7.84,0.16,7,Organic
user_1905,2012,7.7,100,7.7,0,7,Organic
user_1906,2018,7.6,95,7.22,0.38,7,Organic
user_1907,2019,7.6,4,0.304,7.296,7,Organic
user_1908,2017,7.6,72,5.472,2.128,7,Organic
user_1909,2011,7.5,95,7.125,0.375,5,Organic
user_1910,2010,7.5,95,7.125,0.375,7,Organic
user_1911,2018,7.5,97,7.275,0.225,6,Organic
user_1912,2009,7.1,99,7.029,0.071,7,Organic
user_1913,2018,6.9,9,0.621,6.279,7,Organic
user_1914,2021,6.9,98,6.762,0.138,3,Organic
user_1915,2018,6.9,94,6.486,0.414,7,Organic
user_1916,2018,6.8,95,6.46,0.34,2,Organic
user_1917,2012,6.8,90,6.12,0.68,4,Organic
user_1918,2019,6.6,17,1.122,5.478,7,Organic
user_1919,2010,6.5,80,5.2,1.3,7,Organic
user_1920,2012,6.4,67,4.288,2.112,7,Organic
user_1921,2010,6.3,92,5.796,0.504,7,Organic
user_1922,2018,6.2,97,6.014,0.186,7,Organic
user_1923,2018,6.1,99,6.039,0.061,3,Organic
user_1924,2010,6,12,0.72,5.28,7,Organic
user_1925,2019,6,30,1.8,4.2,7,Organic
user_1926,2010,5.9,78,4.602,1.298,7,Organic
user_1927,2020,5.8,90,5.22,0.58,1,Organic
user_1928,2011,5.7,50,2.85,2.85,7,Organic
user_1929,2019,5.7,85,4.845,0.855,7,Organic
user_1930,2016,5.6,99,5.544,0.056,3,Organic
user_1931,2020,5.5,4,0.22,5.28,7,Organic
user_1932,2019,5.5,1,0.055,5.445,7,Organic
user_1933,2020,5.5,31,1.705,3.795,7,Organic
user_1934,2018,5.5,34,1.87,3.63,5,Organic
user_1935,2011,5.4,84,4.536,0.864,7,Organic
user_1936,2014,5.4,96,5.184,0.216,7,Organic
user_1937,2012,5.2,100,5.2,0,3,Organic
user_1938,2013,5.1,97,4.947,0.153,7,Organic
user_1939,2017,5.1,96,4.896,0.204,7,Organic
user_1940,2018,4.9,94,4.606,0.294,7,Organic
user_1941,2017,4.6,98,4.508,0.092,7,Organic
user_1942,2012,4.5,87,3.915,0.585,7,Organic
user_1943,2011,4.3,21,0.903,3.397,7,Organic
user_1944,2019,4.3,0,0,4.3,7,Organic
user_1945,2013,4.2,85,3.57,0.63,7,Organic
user_1946,2020,4.2,81,3.402,0.798,7,Organic
user_1947,2010,4.2,51,2.142,2.058,7,Organic
user_1948,2014,4.1,98,4.018,0.082,7,Organic
user_1949,2013,4.1,60,2.46,1.64,7,Organic
user_1950,2013,4.1,66,2.706,1.394,6,Organic
user_1951,2015,4,54,2.16,1.84,7,Organic
user_1952,2019,3.9,96,3.744,0.156,3,Organic
user_1953,2016,3.9,68,2.652,1.248,7,Organic
user_1954,2015,3.9,96,3.744,0.156,2,Organic
user_1955,2012,3.9,69,2.691,1.209,7,Organic
user_1956,2009,3.8,99,3.762,0.038,4,Organic
user_1957,2010,3.8,78,2.964,0.836,7,Organic
user_1958,2010,3.7,87,3.219,0.481,6,Organic
user_1959,2010,3.6,12,0.432,3.168,7,Organic
user_1960,2019,3.6,60,2.16,1.44,2,Organic
user_1961,2018,3.6,96,3.456,0.144,2,Organic
user_1962,2010,3.6,87,3.132,0.468,7,Organic
user_1963,2015,3.6,8,0.288,3.312,7,Organic
user_1964,2018,3.5,31,1.085,2.415,2,Organic
user_1965,2018,3.5,91,3.185,0.315,5,Organic
user_1966,2012,3.4,82,2.788,0.612,7,Organic
user_1967,2015,3.4,86,2.924,0.476,7,Organic
user_1968,2011,3.3,1,0.033,3.267,7,Organic
user_1969,2013,3.2,91,2.912,0.288,7,Organic
user_1970,2009,3.2,72,2.304,0.896,7,Organic
user_1971,2019,3.1,90,2.79,0.31,6,Organic
user_1972,2019,3,89,2.67,0.33,3,Organic
user_1973,2017,3,100,3,0,7,Organic
user_1974,2013,3,82,2.46,0.54,2,Organic
user_1975,2018,2.9,87,2.523,0.377,1,Organic
user_1976,2010,2.9,56,1.624,1.276,7,Organic
user_1977,2010,2.9,96,2.784,0.116,7,Organic
user_1978,2020,2.8,2,0.056,2.744,7,Organic
user_1979,2010,2.8,97,2.716,0.084,6,Organic
user_1980,2017,2.7,99,2.673,0.027,1,Organic
user_1981,2014,2.7,50,1.35,1.35,7,Organic
user_1982,2017,2.7,97,2.619,0.081,7,Organic
user_1983,2010,2.6,84,2.184,0.416,5,Organic
user_1984,2019,2.5,1,0.025,2.475,7,Organic
user_1985,2019,2.5,89,2.225,0.275,7,Organic
user_1986,2011,2.4,71,1.704,0.696,4,Organic
user_1987,2014,2.4,99,2.376,0.024,3,Organic
user_1988,2013,2.3,80,1.84,0.46,7,Organic
user_1989,2010,2.3,0,0,2.3,7,Organic
user_1990,2012,2.3,0,0,2.3,7,Organic
user_1991,2019,2.2,5,0.11,2.09,2,Organic
user_1992,2019,2.2,100,2.2,0,4,Organic
user_1993,2012,2.2,96,2.112,0.088,7,Organic
user_1994,2017,2.1,100,2.1,0,2,Organic
user_1995,2019,2.1,98,2.058,0.042,3,Organic
user_1996,2015,2.1,94,1.974,0.126,3,Organic
user_1997,2019,2,90,1.8,0.2,7,Organic
user_1998,2010,1.1,13,0.143,0.957,7,Organic
user_1999,2019,0.98,0,0,0.98,5,Organic